id,machine,s1,s2,s3,s4,s5,s6,s7,y
1,1,1.93,56.1,4.11,20.46,1391,92.9,1.62,394.3
2,1,1.57,54.3,4.09,21.11,1340,94.2,1.49,390.9
3,1,2.02,56.3,4.24,20.03,1401,94.8,1.50,378.6
4,1,2.11,58.7,4.31,22.66,1428,91.1,1.86,369.9
5,1,2.07,54.8,7.74,24.74,1362,95.7,1.60,362.6
6,1,2.46,60.8,4.30,20.88,1416,92.9,1.88,350.7
7,1,2.74,59.1,4.46,25.88,1381,88.4,2.09,343.9
8,1,2.38,63.4,7.67,20.88,1431,90.6,2.41,333.0
9,1,2.62,63.3,4.23,22.85,1383,88.2,2.69,323.2
10,1,2.60,57.2,7.61,19.15,1352,90.7,2.59,313.6
11,1,3.03,67.2,7.58,26.76,1375,88.5,2.94,302.4
12,1,3.02,64.7,4.36,24.84,1394,84.8,2.78,290.2
13,1,2.73,63.1,4.45,22.93,1371,87.6,3.67,282.9
14,1,2.98,71.2,7.41,24.55,1395,81.3,5.00,271.6
15,1,3.45,68.1,7.48,26.10,1409,82.0,3.47,255.6
16,1,3.26,64.7,4.46,23.58,1405,81.2,3.91,253.5
17,1,3.61,67.3,7.38,25.35,1368,80.9,4.27,236.2
18,1,3.45,69.8,7.31,27.95,1351,78.1,4.20,229.2
19,1,3.72,67.2,4.55,24.48,1408,78.5,5.34,217.4
20,1,3.56,70.3,7.37,24.85,1356,76.2,5.58,210.8
21,1,3.80,71.2,4.79,23.11,1354,76.6,6.32,200.1
22,1,4.43,71.3,4.68,25.90,1388,72.7,6.96,187.3
23,1,3.91,72.1,7.18,25.72,1372,72.8,6.21,176.6
24,1,4.67,71.3,7.36,25.97,1367,70.4,8.65,169.3
25,1,4.14,77.7,7.08,25.70,1363,72.8,7.12,154.0
26,1,4.79,73.2,7.09,24.59,1447,72.1,7.58,145.5
27,1,4.59,78.6,4.89,29.37,1377,67.5,9.23,139.6
28,1,5.05,79.0,4.82,25.02,1358,66.6,11.24,125.2
29,1,4.72,78.4,4.87,27.52,1379,70.9,12.10,118.3
30,1,4.62,79.9,4.78,25.01,1369,69.4,15.32,110.6
31,1,4.98,75.5,5.10,26.95,1413,60.9,13.30,93.3
32,1,5.45,76.5,5.05,28.97,1359,61.5,14.77,86.4
33,1,5.39,80.8,5.12,28.20,1361,63.0,14.77,75.4
34,1,5.35,80.9,5.19,29.43,1329,58.5,21.56,64.4
35,1,5.56,81.9,5.31,30.00,1434,58.5,18.84,58.6
36,1,5.44,84.1,5.23,26.72,1407,60.3,17.89,46.2
37,1,5.90,86.4,5.65,26.11,1397,57.5,21.39,35.6
38,1,5.82,82.6,5.55,28.19,1443,53.9,26.01,25.7
39,1,6.10,88.3,5.77,32.06,1343,53.6,30.74,18.2
40,1,6.04,86.7,5.64,28.26,1366,58.7,27.12,6.5
41,2,1.27,48.3,4.05,24.35,1416,105.0,0.82,476.2
42,2,1.10,49.2,4.02,23.49,1420,105.4,0.68,468.8
43,2,0.76,54.4,4.31,22.33,1515,98.8,0.71,456.5
44,2,1.24,54.2,4.28,25.68,1482,97.9,0.70,447.8
45,2,1.39,53.6,4.17,23.18,1503,100.4,0.97,427.5
46,2,1.78,53.1,3.94,26.96,1501,99.6,1.05,422.5
47,2,2.00,57.9,4.20,23.81,1480,96.2,1.09,404.9
48,2,1.65,58.4,4.41,24.62,1483,92.2,1.27,401.0
49,2,1.99,52.9,4.37,24.37,1529,97.8,1.44,387.2
50,2,2.40,60.9,4.46,25.04,1494,96.0,1.49,370.0
51,2,2.84,59.7,4.24,26.76,1485,90.5,1.53,359.9
52,2,2.50,64.6,7.67,22.94,1419,89.2,1.55,343.8
53,2,2.59,58.7,4.09,26.46,1498,90.2,2.32,333.0
54,2,2.82,61.3,7.67,24.26,1488,87.6,2.16,320.1
55,2,2.96,65.0,4.34,26.35,1498,84.1,2.27,314.6
56,2,3.07,67.1,4.30,26.15,1500,85.6,2.84,297.9
57,2,3.18,65.1,7.70,28.38,1518,83.0,2.75,286.9
58,2,2.87,69.3,4.42,26.14,1435,85.5,3.03,274.6
59,2,3.10,66.2,4.44,26.91,1380,80.7,4.04,259.1
60,2,3.48,66.8,4.34,27.96,1474,78.7,3.59,256.6
61,2,3.90,68.9,7.45,27.53,1399,76.9,4.52,239.5
62,2,3.94,70.4,7.45,26.55,1461,73.7,5.87,223.2
63,2,3.84,71.6,4.60,28.26,1441,77.5,6.88,215.0
64,2,3.92,72.6,7.06,32.20,1438,77.7,7.23,198.6
65,2,3.92,74.5,4.64,28.82,1467,73.3,5.16,189.4
66,2,4.51,78.1,7.31,29.73,1402,70.8,6.74,176.8
67,2,4.54,77.3,4.69,28.49,1488,68.1,8.36,162.3
68,2,4.37,72.2,4.80,32.84,1489,68.3,7.98,157.6
69,2,4.39,74.8,7.31,31.16,1497,70.2,10.01,141.7
70,2,4.64,78.8,4.87,31.84,1421,67.8,8.92,133.7
71,2,4.94,77.1,4.68,30.54,1477,65.8,11.54,111.0
72,2,5.23,81.1,4.86,32.29,1429,65.9,15.25,104.6
73,2,5.49,81.5,5.13,28.98,1435,65.6,14.81,96.3
74,2,5.53,79.7,4.96,29.63,1410,59.0,15.61,80.1
75,2,5.71,82.9,4.99,33.05,1482,61.4,18.21,68.4
76,2,5.53,82.5,5.36,29.92,1494,60.1,20.39,50.0
77,2,5.58,85.7,5.52,31.32,1484,58.5,25.08,45.1
78,2,5.78,85.8,5.39,31.45,1487,53.8,21.12,30.7
79,2,5.75,87.5,5.60,35.38,1498,56.0,22.50,22.1
80,2,6.32,86.0,6.04,29.84,1493,53.6,29.04,8.0
81,3,4.17,72.4,4.67,34.38,1603,74.6,7.97,183.7
82,3,4.18,75.5,4.78,36.45,1533,71.2,8.46,171.3
83,3,4.18,75.0,4.85,30.38,1607,72.0,7.64,172.0
84,3,3.99,78.2,4.61,33.09,1512,74.5,7.75,174.8
85,3,4.08,74.2,4.62,32.79,1532,68.0,7.21,165.5
86,3,4.47,74.3,4.60,31.89,1518,69.8,10.56,158.9
87,3,4.79,75.9,7.16,34.70,1587,66.9,8.36,150.8
88,3,4.59,74.2,4.66,33.21,1540,69.8,9.13,149.1
89,3,4.70,75.4,7.06,31.53,1507,68.9,10.05,147.3
90,3,4.85,78.6,7.27,32.10,1504,63.9,10.36,133.7
91,3,4.56,76.0,4.79,33.66,1554,70.0,9.84,138.9
92,3,4.53,77.6,4.86,33.23,1461,64.2,13.25,124.2
93,3,4.54,74.4,5.06,35.46,1648,65.9,12.42,122.4
94,3,4.53,75.1,4.89,35.94,1501,66.2,11.43,117.3
95,3,4.88,80.3,4.60,35.42,1527,66.3,11.71,118.1
96,3,4.96,77.6,4.94,35.98,1553,68.6,11.38,110.5
97,3,4.61,78.4,4.82,33.80,1544,65.3,12.68,108.2
98,3,5.09,75.4,5.03,31.77,1529,66.5,18.74,103.4
99,3,5.45,77.7,4.91,35.59,1555,62.9,13.25,99.8
100,3,5.10,76.0,5.14,33.22,1502,60.5,16.86,91.2
101,3,4.98,79.9,6.86,37.16,1594,67.5,15.19,93.9
102,3,5.30,77.8,5.23,37.60,1578,60.3,18.50,86.9
103,3,4.74,78.3,5.21,37.59,1515,65.3,16.04,76.9
104,3,5.47,78.1,5.06,30.57,1566,65.1,18.99,71.9
105,3,5.26,77.0,5.18,33.76,1508,63.9,17.92,74.8
106,3,5.25,81.2,5.25,31.15,1568,59.8,16.13,66.2
107,3,5.51,87.7,5.47,37.71,1476,60.4,23.76,57.2
108,3,5.01,81.3,5.27,37.24,1502,58.3,23.17,55.0
109,3,5.58,83.3,5.49,35.42,1542,59.4,19.30,51.1
110,3,5.66,84.5,5.52,33.85,1503,58.7,24.07,47.6
111,3,5.59,79.0,5.40,36.48,1568,57.3,25.83,45.8
112,3,5.76,81.5,5.49,36.12,1582,54.1,24.32,41.4
113,3,5.70,81.9,5.55,34.22,1538,59.5,21.01,33.5
114,3,5.77,80.8,5.63,35.91,1524,55.2,23.29,31.8
115,3,5.84,84.5,5.72,38.21,1608,57.1,24.42,32.4
116,3,5.77,85.2,5.45,39.87,1588,58.0,20.65,23.3
117,3,5.92,84.7,6.57,33.51,1534,58.7,26.87,17.7
118,3,6.04,85.8,5.70,34.27,1579,58.9,27.99,12.6
119,3,5.84,87.0,5.95,37.06,1527,58.4,34.20,5.2
120,3,6.12,84.6,5.94,34.92,1537,57.7,30.65,4.0
121,4,3.13,63.2,7.56,27.42,1535,81.5,2.87,288.1
122,4,2.88,65.3,4.49,28.48,1484,84.4,2.75,281.8
123,4,3.18,66.6,7.64,26.47,1503,83.3,3.56,275.4
124,4,3.54,64.4,7.56,30.05,1471,79.9,4.66,264.2
125,4,3.27,68.9,7.75,26.35,1457,82.2,3.96,258.5
126,4,3.72,63.4,7.44,28.11,1459,80.0,4.33,248.2
127,4,3.54,69.4,7.49,31.45,1501,77.7,4.81,243.3
128,4,3.61,66.6,7.51,31.14,1489,78.0,4.44,239.4
129,4,3.70,70.3,4.50,27.14,1514,77.3,4.99,225.6
130,4,3.86,70.3,4.39,29.55,1476,79.4,6.20,222.3
131,4,3.77,67.3,7.41,33.04,1477,75.1,5.78,215.6
132,4,3.94,73.1,4.56,30.02,1526,76.5,5.51,205.5
133,4,3.59,72.1,7.19,27.61,1492,73.5,6.35,197.7
134,4,3.87,71.0,7.25,28.72,1461,73.2,7.45,198.5
135,4,4.13,71.7,7.04,28.68,1536,72.4,6.94,185.3
136,4,4.69,75.3,7.22,29.53,1490,73.2,7.08,182.2
137,4,4.58,77.8,4.83,27.98,1456,67.7,8.75,174.0
138,4,4.61,73.4,7.30,33.22,1512,68.1,8.62,162.6
139,4,4.60,71.7,4.88,29.29,1444,69.6,10.00,155.0
140,4,5.01,74.7,7.03,30.72,1505,67.4,10.09,143.3
141,4,4.35,71.9,4.87,32.03,1498,68.1,10.42,145.9
142,4,4.71,75.8,4.79,28.63,1488,64.7,10.90,132.3
143,4,4.78,78.2,5.01,31.43,1539,66.9,10.26,130.3
144,4,4.61,79.7,5.03,28.15,1430,69.6,12.83,117.1
145,4,5.13,77.7,4.83,35.07,1521,63.4,12.65,111.6
146,4,4.61,77.3,5.21,31.86,1436,63.0,15.54,104.4
147,4,5.19,76.2,5.13,31.45,1413,61.5,14.41,101.7
148,4,5.23,77.6,5.02,31.53,1483,64.3,17.53,88.3
149,4,5.33,81.0,4.90,31.78,1479,62.3,12.81,81.2
150,4,5.42,82.6,5.29,32.39,1497,61.9,16.24,82.7
151,4,5.57,80.0,6.75,32.86,1478,62.8,17.55,70.7
152,4,5.52,82.7,5.05,31.70,1431,61.7,14.61,64.2
153,4,5.77,81.5,5.47,30.22,1531,57.5,21.04,52.5
154,4,5.30,83.3,5.14,33.12,1511,59.9,20.69,51.5
155,4,5.82,81.2,5.64,32.44,1542,52.4,18.30,35.6
156,4,5.98,84.7,5.64,31.25,1551,53.3,24.47,31.2
157,4,5.94,85.7,5.52,33.46,1483,55.0,24.95,28.2
158,4,5.94,86.7,5.83,34.60,1492,55.6,30.86,17.2
159,4,5.79,87.0,5.59,30.85,1461,57.2,28.02,14.9
160,4,6.37,87.4,5.88,31.00,1492,55.4,26.18,4.0
161,5,4.00,71.6,4.49,21.98,1484,74.5,5.70,184.2
162,5,3.93,68.8,7.04,27.94,1441,74.8,8.61,182.6
163,5,4.13,70.0,7.44,29.63,1447,71.8,7.26,172.6
164,5,4.30,73.7,7.19,23.35,1444,71.6,9.04,174.1
165,5,4.43,70.3,7.29,25.91,1479,70.8,6.70,166.1
166,5,4.49,71.2,4.48,24.31,1468,71.8,9.13,162.1
167,5,4.46,72.8,4.73,26.35,1458,70.4,10.29,157.7
168,5,4.89,74.8,7.16,26.40,1393,69.0,10.24,144.2
169,5,4.59,71.6,4.74,26.54,1397,73.6,8.94,150.0
170,5,4.60,70.2,4.95,26.54,1402,69.4,9.89,140.4
171,5,4.77,76.4,4.79,25.15,1433,65.1,11.16,140.0
172,5,4.75,75.4,4.73,29.15,1447,70.4,10.97,133.7
173,5,4.61,75.6,7.09,23.04,1410,68.4,10.05,134.1
174,5,5.11,72.8,7.04,31.46,1411,69.8,9.59,126.7
175,5,4.71,73.9,5.03,26.74,1357,66.9,12.26,122.5
176,5,4.80,78.5,4.75,26.10,1410,63.9,12.36,115.6
177,5,5.30,75.8,4.85,25.72,1484,66.2,14.11,107.3
178,5,4.97,78.9,4.97,28.74,1444,66.3,10.57,109.9
179,5,5.20,74.3,4.97,26.63,1449,65.8,13.82,102.0
180,5,5.33,81.8,5.04,28.50,1483,65.6,14.92,96.7
181,5,5.46,80.3,5.30,30.60,1387,64.6,14.57,92.2
182,5,5.18,79.1,4.96,25.93,1420,66.7,16.75,88.5
183,5,5.20,78.5,6.89,26.07,1501,63.5,17.08,82.1
184,5,4.85,77.3,5.07,25.35,1436,64.7,17.15,84.6
185,5,5.31,82.5,5.29,27.35,1468,60.5,18.92,72.6
186,5,5.28,81.4,5.36,28.37,1468,58.9,17.31,66.9
187,5,5.42,80.6,5.18,29.61,1463,61.0,17.88,71.5
188,5,5.52,81.0,5.18,27.98,1457,61.3,19.41,56.3
189,5,5.37,80.6,5.43,28.73,1420,61.6,26.63,52.8
190,5,5.35,84.7,5.69,28.99,1444,58.7,26.94,45.3
191,5,5.91,80.7,5.10,30.84,1461,60.9,22.14,44.5
192,5,5.94,79.0,5.59,27.66,1455,57.9,25.57,37.9
193,5,5.73,85.6,5.34,25.63,1407,56.3,23.34,34.8
194,5,6.19,80.2,5.64,28.70,1448,56.4,25.79,29.7
195,5,5.60,85.2,5.36,28.04,1449,58.5,19.19,29.2
196,5,5.71,82.0,5.78,32.08,1423,58.9,28.18,24.1
197,5,6.16,79.0,5.66,27.77,1414,55.5,27.82,14.7
198,5,6.12,81.8,5.78,28.71,1501,58.9,26.40,9.0
199,5,5.89,82.4,5.42,29.73,1448,58.1,26.52,10.1
200,5,6.06,82.4,6.10,31.14,1407,55.0,31.36,4.0
201,6,2.35,62.7,7.57,24.06,1424,91.5,1.81,364.1
202,6,2.35,60.6,4.61,24.46,1401,91.8,1.75,355.1
203,6,2.56,58.9,7.81,23.30,1431,92.6,2.42,350.7
204,6,2.61,62.5,4.27,20.96,1385,93.4,2.18,341.7
205,6,2.57,61.4,7.70,23.24,1449,90.5,2.12,327.8
206,6,2.83,60.9,4.16,23.29,1393,90.1,2.02,324.4
207,6,2.93,61.4,7.83,26.25,1407,88.1,2.14,307.0
208,6,2.99,62.3,7.60,23.70,1377,87.2,2.52,303.0
209,6,2.91,66.0,7.65,27.82,1398,83.4,3.03,290.1
210,6,2.94,62.6,7.66,25.55,1445,83.7,2.78,290.6
211,6,2.81,63.1,4.38,26.49,1382,81.9,4.32,271.8
212,6,3.38,66.4,7.52,25.86,1434,80.4,3.75,260.6
213,6,3.38,71.9,7.39,22.66,1414,82.0,3.11,254.9
214,6,3.73,68.1,7.43,24.64,1388,79.8,3.78,246.1
215,6,3.50,68.4,4.40,27.37,1419,81.3,5.24,238.4
216,6,3.43,69.0,4.46,24.62,1389,78.1,5.78,231.1
217,6,3.69,71.1,4.48,26.47,1386,75.1,4.71,216.0
218,6,3.82,69.0,4.31,28.29,1430,75.8,5.43,209.7
219,6,4.08,70.0,4.54,26.60,1417,74.9,6.52,196.6
220,6,4.45,76.4,7.28,29.08,1434,74.6,6.34,187.6
221,6,3.99,70.3,4.42,27.85,1472,75.9,8.09,180.5
222,6,4.28,73.9,7.02,28.60,1425,75.3,6.37,173.5
223,6,4.34,72.6,4.73,29.53,1392,69.9,9.26,164.8
224,6,4.16,73.4,4.97,28.01,1451,71.9,9.78,154.4
225,6,4.79,80.7,4.68,28.16,1390,66.6,11.05,141.0
226,6,4.51,76.6,4.89,28.51,1420,72.2,9.68,135.2
227,6,5.15,75.2,6.96,28.06,1353,67.3,11.33,124.1
228,6,4.69,79.0,4.84,29.50,1434,68.0,13.06,123.5
229,6,4.91,79.4,4.95,30.73,1386,63.7,11.69,103.9
230,6,4.64,78.0,4.98,32.08,1449,65.8,15.66,97.5
231,6,5.24,82.8,4.99,30.69,1397,63.2,15.64,86.1
232,6,5.37,79.9,5.04,29.52,1459,58.0,18.89,78.8
233,6,5.72,82.4,5.26,30.87,1445,57.3,16.57,69.2
234,6,5.62,85.6,5.23,29.99,1371,59.4,15.77,63.0
235,6,5.38,81.9,5.58,30.60,1392,60.3,21.94,56.8
236,6,6.04,81.3,5.50,32.27,1409,57.9,18.48,46.5
237,6,5.62,88.8,5.67,32.26,1446,61.4,28.79,35.8
238,6,5.80,83.6,5.81,27.21,1387,56.9,29.79,23.2
239,6,6.36,87.1,5.78,33.79,1443,55.3,27.52,15.6
240,6,5.92,89.3,5.82,35.42,1395,54.4,26.07,4.0
241,7,0.61,41.5,4.13,23.34,1553,105.9,0.46,513.6
242,7,0.99,47.3,4.36,23.53,1518,105.3,0.52,491.4
243,7,1.00,51.4,4.19,24.56,1545,101.1,0.69,484.6
244,7,1.39,51.4,4.34,23.83,1503,104.1,0.82,467.4
245,7,1.34,53.2,4.09,24.87,1537,102.8,0.78,457.6
246,7,1.56,54.0,4.20,23.21,1541,103.4,0.93,445.8
247,7,1.67,55.9,3.98,23.80,1481,95.8,1.02,428.6
248,7,1.37,52.8,4.13,23.84,1507,96.0,1.20,410.6
249,7,1.71,55.6,4.25,25.37,1534,94.7,1.07,407.7
250,7,2.48,57.8,4.31,25.30,1501,93.9,1.41,392.6
251,7,1.81,58.4,4.40,24.34,1520,97.2,1.64,380.8
252,7,2.21,58.1,7.85,24.71,1497,91.5,1.75,362.7
253,7,2.56,61.8,4.27,24.78,1547,90.5,2.19,353.6
254,7,2.61,58.6,8.03,28.98,1447,87.4,2.06,338.7
255,7,2.42,59.3,7.65,27.44,1515,90.7,2.39,329.5
256,7,2.85,65.0,4.56,26.40,1487,89.3,2.19,313.6
257,7,2.91,68.4,7.81,24.32,1452,85.4,2.80,301.4
258,7,3.28,62.8,4.32,27.48,1569,81.3,3.96,287.0
259,7,3.31,66.0,7.61,27.11,1467,83.0,3.14,275.1
260,7,3.29,62.9,7.53,27.78,1479,85.6,3.87,261.7
261,7,3.45,65.8,7.25,27.91,1475,77.9,4.17,247.9
262,7,3.68,67.2,7.25,26.14,1532,80.0,4.39,236.9
263,7,3.68,69.9,4.52,29.62,1471,76.0,4.69,229.4
264,7,3.69,70.0,4.72,29.40,1567,75.7,5.37,212.8
265,7,4.24,73.5,4.67,27.54,1488,75.7,5.83,201.0
266,7,3.97,75.2,7.49,26.25,1473,71.8,7.27,187.0
267,7,4.42,75.4,4.82,28.98,1442,68.2,7.23,172.5
268,7,4.27,80.1,4.62,30.40,1460,72.4,8.37,165.1
269,7,4.58,79.1,4.71,29.00,1499,67.6,11.52,148.3
270,7,4.35,76.6,4.83,31.44,1516,64.8,11.11,130.6
271,7,4.85,78.6,4.89,31.43,1482,65.3,12.47,117.3
272,7,5.11,75.6,5.14,30.19,1458,65.3,15.39,109.0
273,7,5.12,78.3,4.90,32.37,1533,66.0,14.85,97.5
274,7,5.52,82.3,5.04,31.88,1486,64.3,16.34,83.1
275,7,5.66,86.3,5.30,32.71,1499,60.7,21.72,67.7
276,7,5.62,84.3,5.28,35.35,1494,55.9,18.41,53.9
277,7,5.62,82.9,5.22,34.07,1491,59.2,21.01,44.1
278,7,5.86,84.8,5.61,29.53,1463,56.2,24.40,26.6
279,7,6.11,89.2,5.29,34.76,1552,56.7,23.69,26.1
280,7,5.82,86.7,6.11,32.47,1490,53.5,34.01,4.0
281,8,2.36,56.9,7.81,24.51,1345,91.3,1.64,355.9
282,8,2.37,61.7,4.23,24.47,1339,87.8,2.14,337.9
283,8,2.85,56.5,4.40,22.96,1348,90.9,1.79,332.5
284,8,2.56,62.1,7.61,22.88,1336,87.6,2.35,329.0
285,8,2.78,60.4,7.72,27.04,1291,88.9,1.91,314.8
286,8,2.52,63.8,4.19,21.23,1301,87.1,2.70,308.3
287,8,2.97,60.3,7.68,26.15,1336,89.6,2.34,300.9
288,8,2.81,62.0,4.15,25.18,1344,83.6,3.77,290.6
289,8,2.91,67.0,7.60,22.94,1337,82.3,3.09,280.2
290,8,3.06,66.0,7.40,25.66,1408,83.3,3.90,266.0
291,8,3.38,66.8,4.56,26.31,1371,82.4,3.04,261.0
292,8,3.13,68.6,4.31,26.89,1384,81.4,3.65,254.1
293,8,3.89,69.2,7.37,23.38,1294,80.4,4.76,247.5
294,8,3.46,67.3,7.29,26.54,1374,83.0,4.65,238.9
295,8,3.77,64.5,7.35,27.96,1412,78.0,4.61,229.9
296,8,4.04,68.2,7.10,26.75,1278,77.0,5.95,213.9
297,8,3.94,69.1,7.45,28.67,1380,77.1,4.84,207.0
298,8,4.22,71.2,7.01,27.98,1380,75.0,6.16,198.4
299,8,4.26,69.8,7.31,27.48,1323,71.4,6.87,190.4
300,8,4.10,73.2,4.66,27.85,1374,73.5,6.38,183.5
301,8,4.18,76.4,7.30,26.27,1339,70.9,8.72,173.3
302,8,4.73,74.4,4.63,27.42,1313,71.2,8.89,164.7
303,8,4.48,75.1,4.85,26.14,1352,69.4,9.88,147.0
304,8,4.61,75.5,4.74,25.58,1322,72.4,10.12,142.9
305,8,4.46,75.5,4.92,28.41,1332,65.2,9.24,132.9
306,8,4.51,79.0,4.82,26.38,1286,68.4,10.95,129.8
307,8,4.89,79.3,4.78,27.92,1332,66.5,13.14,116.1
308,8,5.07,79.0,4.91,30.30,1341,71.7,13.02,109.8
309,8,4.94,77.6,4.86,27.99,1368,65.7,13.97,98.6
310,8,5.18,84.0,4.77,29.11,1332,66.9,12.25,96.4
311,8,5.11,79.2,5.13,28.50,1310,60.2,17.47,88.6
312,8,5.42,81.8,5.02,29.15,1394,61.8,14.35,71.9
313,8,5.73,81.6,5.40,27.89,1395,57.4,21.76,65.4
314,8,5.61,83.5,5.00,28.04,1403,60.7,15.49,59.1
315,8,5.31,84.2,5.48,30.63,1329,59.8,19.58,52.4
316,8,5.62,87.3,5.34,27.98,1370,58.4,19.59,39.2
317,8,5.93,82.5,5.68,27.99,1366,57.7,22.40,29.4
318,8,5.85,84.1,5.36,32.29,1335,57.5,22.45,25.7
319,8,5.85,82.2,5.94,31.08,1318,53.7,23.95,14.9
320,8,5.75,88.2,6.16,28.48,1328,57.8,34.92,4.0
321,9,4.26,71.4,7.33,25.95,1476,74.9,7.03,187.4
322,9,4.14,70.4,4.56,23.11,1432,76.0,8.35,182.2
323,9,4.10,73.0,7.19,23.65,1466,74.9,7.27,174.3
324,9,4.45,70.2,4.65,26.01,1394,73.2,8.21,171.3
325,9,4.17,69.5,6.95,25.14,1517,71.0,8.92,172.1
326,9,4.23,67.7,4.67,24.05,1498,71.0,7.81,162.1
327,9,4.66,73.7,4.71,27.26,1425,69.6,8.32,162.2
328,9,4.49,73.1,7.21,25.62,1437,72.3,11.52,153.3
329,9,4.26,77.5,4.83,23.57,1430,70.9,10.83,149.0
330,9,4.62,74.1,4.86,26.76,1467,66.3,12.04,151.8
331,9,4.71,75.1,7.04,24.51,1484,69.5,11.59,138.7
332,9,4.91,74.8,4.90,27.11,1509,68.7,10.29,132.6
333,9,4.35,73.5,4.93,27.22,1432,72.1,12.95,132.7
334,9,4.65,75.8,4.80,25.21,1490,63.4,12.27,126.6
335,9,5.01,80.8,6.88,27.89,1460,63.4,11.46,125.3
336,9,4.86,77.2,4.99,25.40,1472,69.4,11.80,111.4
337,9,4.91,74.0,5.00,27.16,1435,64.0,15.55,110.1
338,9,4.97,74.7,4.69,27.59,1460,68.9,12.10,110.8
339,9,5.04,81.2,5.08,26.22,1476,67.2,14.92,99.0
340,9,4.89,81.9,5.02,25.65,1461,68.5,16.01,97.0
341,9,5.17,75.9,4.72,26.51,1502,67.7,14.77,94.9
342,9,5.41,75.9,5.16,29.08,1435,64.6,16.04,92.4
343,9,5.03,78.4,5.14,26.71,1410,60.1,13.05,84.3
344,9,5.69,77.8,5.08,27.10,1467,65.7,15.82,77.3
345,9,5.12,79.4,5.27,28.14,1513,61.3,20.10,71.8
346,9,5.36,81.3,5.44,24.72,1433,62.3,14.82,68.0
347,9,5.52,77.3,5.20,28.98,1471,61.3,20.02,65.4
348,9,5.35,80.9,5.21,26.16,1501,59.3,24.01,62.9
349,9,5.38,81.3,5.57,25.26,1476,59.0,18.80,57.3
350,9,5.57,77.2,5.29,27.31,1527,58.0,21.52,47.8
351,9,5.71,84.6,5.40,28.75,1421,59.9,23.45,46.9
352,9,5.71,80.4,5.46,25.53,1469,58.3,24.21,39.0
353,9,5.83,80.9,5.54,26.80,1451,61.0,24.91,32.8
354,9,5.61,80.5,5.50,28.33,1473,62.1,27.97,32.3
355,9,6.09,78.8,5.94,26.30,1499,57.1,36.39,25.4
356,9,5.74,83.9,5.61,29.46,1475,57.7,26.38,22.0
357,9,5.76,83.9,5.70,29.78,1413,52.7,30.70,20.1
358,9,6.42,84.7,5.96,28.47,1460,57.8,28.44,10.3
359,9,6.27,87.7,6.02,29.62,1496,54.3,31.01,4.3
360,9,6.24,86.6,5.89,29.03,1486,56.1,33.66,4.0
361,10,3.11,57.9,4.29,29.60,1547,86.0,3.23,301.6
362,10,2.90,63.5,4.44,29.53,1553,84.5,2.88,291.8
363,10,3.23,64.3,7.46,31.89,1482,83.3,3.71,285.3
364,10,2.94,64.0,4.31,31.32,1484,85.5,3.25,288.9
365,10,2.96,64.9,4.46,27.68,1494,81.4,3.39,277.1
366,10,3.38,67.2,4.29,29.37,1513,76.7,3.76,263.1
367,10,3.34,63.6,4.30,29.07,1496,81.5,5.37,259.2
368,10,3.36,62.3,7.35,30.44,1553,78.8,4.09,248.6
369,10,3.71,64.5,4.47,30.73,1508,79.7,5.17,244.3
370,10,3.79,65.7,4.33,33.79,1468,78.8,4.54,239.2
371,10,3.85,66.6,7.29,34.35,1484,74.5,4.89,222.5
372,10,4.09,71.4,7.31,33.33,1459,77.6,6.39,219.7
373,10,3.75,70.5,4.56,31.27,1464,78.2,4.88,216.7
374,10,4.15,67.2,4.36,29.88,1490,76.9,7.25,207.8
375,10,4.21,69.0,7.37,28.64,1508,75.1,7.38,196.8
376,10,3.82,71.3,4.75,33.16,1524,76.1,6.08,192.5
377,10,4.26,65.4,4.75,31.90,1563,74.5,5.50,183.2
378,10,4.20,74.7,7.16,33.76,1537,69.3,6.78,169.7
379,10,4.37,76.2,4.71,33.32,1474,74.7,10.45,166.3
380,10,4.28,71.1,7.30,32.83,1475,67.9,7.07,158.5
381,10,4.35,77.5,4.83,30.32,1501,69.0,10.43,151.7
382,10,4.75,78.8,4.60,34.49,1495,73.2,9.81,145.6
383,10,4.86,74.3,4.88,32.34,1555,63.9,12.14,129.2
384,10,4.61,76.3,5.04,31.95,1550,67.8,9.90,130.4
385,10,4.65,76.6,7.16,35.34,1405,63.2,13.02,121.6
386,10,4.85,75.4,4.98,35.42,1510,62.3,13.81,111.6
387,10,5.11,79.9,6.90,33.94,1408,64.6,16.21,102.8
388,10,5.14,81.1,4.85,36.25,1516,62.8,12.98,93.0
389,10,4.87,78.9,5.21,37.82,1479,60.1,14.02,89.7
390,10,5.56,79.1,5.10,34.84,1503,59.1,15.10,78.8
391,10,5.77,80.7,5.07,32.70,1499,61.8,22.22,66.0
392,10,5.46,82.4,5.08,33.18,1534,62.4,18.09,64.2
393,10,5.27,77.6,5.27,34.78,1521,61.3,16.88,60.7
394,10,5.45,76.3,5.38,35.18,1453,62.2,22.37,47.5
395,10,5.42,85.0,5.18,36.58,1513,62.1,20.07,45.0
396,10,5.79,85.2,5.34,34.35,1490,56.6,23.16,37.8
397,10,5.76,77.8,5.51,34.39,1462,58.2,24.67,26.7
398,10,6.18,87.0,5.65,36.32,1540,54.4,24.90,26.8
399,10,6.10,84.9,6.58,36.91,1515,57.5,30.46,10.8
400,10,6.11,88.5,5.99,35.13,1542,56.7,34.36,5.5
401,11,4.12,77.5,7.25,24.19,1443,71.9,7.72,184.4
402,11,3.90,74.5,4.51,26.37,1500,73.1,8.42,186.9
403,11,3.83,75.4,4.55,26.01,1460,76.6,6.85,183.0
404,11,4.11,75.7,7.21,24.90,1535,68.5,6.38,174.8
405,11,4.45,73.8,4.61,27.21,1481,69.8,8.63,167.7
406,11,3.81,75.7,6.99,26.62,1446,69.4,8.41,167.1
407,11,4.39,74.2,4.87,26.53,1479,66.7,10.84,158.9
408,11,4.55,74.5,4.84,27.96,1454,68.2,9.58,155.1
409,11,4.81,80.1,4.73,28.11,1441,68.4,8.66,147.9
410,11,4.45,77.0,4.70,26.38,1434,69.8,9.43,147.2
411,11,4.66,77.4,6.97,28.03,1533,71.4,9.69,139.5
412,11,4.47,80.3,4.75,27.80,1458,69.6,13.08,138.0
413,11,4.71,78.6,4.90,28.31,1413,66.6,7.97,129.6
414,11,4.92,78.2,4.87,25.46,1438,68.3,11.17,130.0
415,11,4.98,82.6,4.81,25.54,1393,67.9,10.65,120.8
416,11,4.76,80.0,4.87,32.27,1433,64.4,10.33,115.4
417,11,4.79,76.5,4.95,29.98,1510,66.1,12.09,109.1
418,11,4.94,81.2,5.00,27.89,1520,64.7,12.92,108.0
419,11,4.83,83.9,5.32,27.60,1429,63.3,12.71,104.2
420,11,4.70,87.4,4.93,24.36,1439,60.4,11.91,96.0
421,11,4.77,81.8,5.15,27.10,1451,63.9,14.16,92.6
422,11,4.89,84.8,5.02,28.67,1477,64.3,15.90,89.2
423,11,5.07,80.1,5.09,28.10,1479,58.7,15.74,82.2
424,11,5.41,87.3,5.20,27.61,1492,63.0,16.95,81.1
425,11,5.31,84.6,5.43,29.39,1430,60.7,20.59,70.9
426,11,5.32,85.5,5.32,25.45,1433,58.7,18.24,67.9
427,11,5.07,77.7,5.17,28.52,1434,60.0,15.82,66.4
428,11,5.64,88.0,5.11,28.50,1448,58.7,18.50,60.8
429,11,5.34,84.9,5.53,26.62,1460,57.9,20.21,51.6
430,11,5.53,83.9,5.46,31.56,1494,61.9,20.55,48.8
431,11,5.55,87.3,5.51,26.43,1440,59.2,26.93,47.4
432,11,5.90,87.0,5.69,28.98,1495,55.6,23.63,36.2
433,11,5.40,84.9,5.28,27.33,1464,53.4,23.52,35.3
434,11,5.80,84.0,5.72,25.86,1437,57.8,25.63,28.6
435,11,5.73,90.6,5.68,31.70,1468,56.0,26.96,23.1
436,11,5.43,90.0,5.61,28.06,1466,54.3,27.09,23.7
437,11,5.92,87.8,6.02,28.99,1469,57.1,28.26,11.9
438,11,6.06,85.1,5.70,27.71,1493,55.2,24.11,10.9
439,11,5.52,91.4,5.90,27.50,1391,54.2,27.30,7.6
440,11,6.12,89.3,5.95,27.05,1460,55.9,27.86,4.0
441,12,0.79,47.7,4.50,17.93,1388,104.0,0.67,482.2
442,12,1.17,52.6,4.34,21.40,1420,103.9,0.63,472.0
443,12,1.03,48.4,4.47,21.68,1425,101.4,0.79,465.2
444,12,1.20,52.3,4.25,22.79,1403,103.1,0.66,449.2
445,12,1.36,52.5,4.18,21.82,1452,104.1,1.34,436.4
446,12,1.58,49.8,4.34,25.42,1446,92.8,0.82,423.5
447,12,2.01,53.5,4.18,25.52,1401,95.7,1.03,412.3
448,12,1.88,51.4,4.33,24.27,1399,99.1,1.03,403.6
449,12,2.41,55.8,4.15,25.14,1441,92.3,1.59,385.5
450,12,2.39,60.7,4.28,28.31,1370,96.8,1.45,377.1
451,12,2.59,57.5,4.10,26.10,1430,91.3,1.93,363.6
452,12,2.40,58.7,7.74,25.81,1382,90.1,1.69,353.7
453,12,2.69,63.0,7.63,21.70,1400,87.7,1.95,337.8
454,12,3.03,63.7,4.45,29.68,1416,84.1,1.90,326.2
455,12,2.82,58.6,7.64,26.77,1435,89.1,2.69,313.7
456,12,2.67,65.7,4.48,25.61,1412,85.1,2.73,303.2
457,12,3.02,63.2,4.20,27.94,1379,81.2,2.84,288.6
458,12,3.54,65.4,7.70,23.03,1414,79.7,3.27,278.8
459,12,3.66,66.3,7.50,28.77,1386,80.0,3.69,263.1
460,12,3.57,65.7,7.52,25.49,1415,82.0,3.45,250.7
461,12,3.63,66.9,7.60,26.73,1419,80.2,3.85,243.0
462,12,4.04,72.9,4.50,27.58,1377,78.9,4.30,223.6
463,12,3.96,68.0,4.46,27.13,1406,77.0,4.43,213.8
464,12,3.99,71.3,4.47,28.24,1415,73.4,6.14,201.8
465,12,3.88,73.5,7.19,28.28,1428,74.7,6.04,190.0
466,12,4.70,73.7,4.58,28.67,1421,73.3,8.12,181.0
467,12,4.00,69.6,7.18,30.50,1401,69.9,8.24,165.7
468,12,4.75,76.6,4.73,27.23,1408,68.2,8.33,153.9
469,12,4.75,75.8,4.91,29.50,1367,65.5,10.00,136.2
470,12,4.60,79.6,4.88,28.74,1355,66.0,9.70,124.6
471,12,4.49,77.9,4.77,29.95,1362,66.3,11.46,112.0
472,12,5.16,78.2,6.98,33.85,1388,64.0,8.14,107.6
473,12,4.89,79.0,5.00,32.60,1360,61.7,11.47,93.0
474,12,5.29,80.6,4.96,29.86,1389,58.8,16.16,77.1
475,12,5.26,79.2,6.70,31.08,1358,60.2,12.31,68.2
476,12,5.41,80.6,5.10,35.37,1414,63.6,14.95,56.2
477,12,5.46,83.3,5.38,31.96,1380,53.3,15.26,45.7
478,12,5.76,88.1,5.59,31.75,1408,56.2,30.44,27.5
479,12,5.84,86.5,5.74,32.66,1431,53.1,22.76,19.2
480,12,6.49,84.2,5.91,29.34,1452,53.3,26.31,6.4
481,13,4.06,66.0,4.43,21.85,1385,75.2,6.64,215.1
482,13,4.12,69.2,4.79,24.13,1441,79.1,7.17,212.0
483,13,4.05,72.0,4.72,21.92,1404,75.2,4.59,205.3
484,13,3.84,73.6,4.60,23.27,1444,75.9,6.55,202.7
485,13,4.26,70.2,7.22,23.57,1397,74.4,7.54,192.1
486,13,4.14,73.4,4.84,22.01,1388,72.9,7.26,189.1
487,13,4.53,75.4,4.56,24.48,1430,76.4,9.59,179.9
488,13,4.13,69.8,7.07,26.33,1423,74.6,7.25,175.2
489,13,4.34,71.9,4.50,25.61,1399,75.0,9.19,171.0
490,13,4.22,74.4,4.65,27.13,1373,72.6,8.36,165.8
491,13,4.50,74.6,4.84,26.55,1427,72.7,8.05,154.5
492,13,4.56,75.7,4.75,25.80,1359,71.6,7.44,157.2
493,13,4.76,73.5,4.80,24.08,1385,71.1,9.26,150.5
494,13,4.71,79.0,4.77,25.85,1407,71.4,11.76,143.3
495,13,4.56,79.3,4.59,25.70,1369,70.0,9.98,135.8
496,13,4.75,82.6,4.85,24.59,1431,69.0,10.09,136.5
497,13,4.84,77.3,4.79,24.71,1456,62.2,11.77,122.4
498,13,4.61,75.3,4.86,24.94,1414,67.9,11.23,120.7
499,13,4.96,76.3,4.90,26.39,1433,66.9,13.03,118.7
500,13,4.70,78.7,4.81,25.27,1335,65.3,12.07,115.3
501,13,5.32,79.8,6.69,28.69,1396,67.2,14.01,107.1
502,13,5.25,81.2,5.18,26.69,1351,65.1,13.02,103.7
503,13,5.03,78.1,4.93,29.83,1408,68.2,11.23,100.7
504,13,5.21,79.2,4.99,24.48,1364,63.0,14.03,92.1
505,13,5.18,83.3,5.13,28.43,1434,67.6,16.27,86.2
506,13,5.30,82.9,5.03,28.22,1385,63.9,14.85,78.2
507,13,5.56,81.1,5.19,25.36,1363,61.0,16.38,74.8
508,13,5.46,76.2,5.53,24.57,1373,59.8,18.99,65.5
509,13,5.42,79.7,5.28,25.74,1422,61.3,18.86,64.7
510,13,5.79,82.3,5.40,27.14,1349,60.1,22.42,53.9
511,13,5.87,84.5,5.31,25.74,1411,60.5,21.71,53.8
512,13,5.59,83.0,5.50,27.44,1308,61.1,20.44,47.0
513,13,5.87,79.5,5.45,29.91,1404,57.9,18.60,41.5
514,13,5.52,90.1,5.54,26.82,1371,58.7,20.52,38.4
515,13,5.45,87.4,5.55,26.95,1411,58.0,21.48,30.7
516,13,6.20,84.4,5.71,25.94,1378,55.2,24.56,28.3
517,13,6.33,85.8,5.56,29.68,1327,55.6,24.86,18.0
518,13,5.77,86.7,5.80,30.13,1350,55.3,26.22,18.1
519,13,6.61,85.9,5.80,30.54,1371,55.7,26.52,5.6
520,13,5.91,84.7,5.85,26.94,1368,56.9,27.66,7.7
521,14,4.30,71.4,4.61,28.16,1436,73.1,6.15,205.5
522,14,3.82,67.5,4.64,28.17,1418,76.3,6.55,203.2
523,14,3.93,73.6,7.10,27.91,1376,74.6,6.88,193.9
524,14,4.22,75.3,7.46,30.94,1449,74.1,5.68,196.3
525,14,3.83,72.6,7.20,28.95,1456,71.2,6.65,188.7
526,14,4.20,79.4,7.40,29.02,1385,69.3,8.16,178.5
527,14,4.14,71.6,4.79,28.53,1388,72.0,8.23,176.9
528,14,4.10,71.5,4.80,30.59,1421,70.4,9.88,166.6
529,14,4.14,75.3,4.62,30.54,1418,71.8,7.96,171.0
530,14,4.64,71.9,6.90,27.87,1388,71.0,7.80,159.3
531,14,4.48,74.9,4.63,30.27,1434,72.9,8.99,156.7
532,14,4.25,77.7,4.63,28.89,1436,70.8,7.81,145.9
533,14,4.41,73.5,4.97,27.07,1398,68.9,8.76,139.6
534,14,4.62,73.2,5.00,30.96,1360,66.9,10.93,138.5
535,14,4.61,76.7,7.01,31.07,1393,70.0,10.32,130.8
536,14,4.39,77.1,4.90,30.87,1424,64.9,9.83,120.5
537,14,4.72,79.4,6.90,29.06,1385,65.9,10.72,119.7
538,14,4.83,79.1,4.86,30.63,1455,67.7,12.86,115.5
539,14,5.11,75.6,7.10,31.61,1362,66.4,12.64,106.9
540,14,4.99,74.8,5.00,30.81,1386,64.4,17.05,107.9
541,14,4.96,78.9,4.88,30.13,1409,64.4,13.07,105.1
542,14,5.07,76.9,5.22,29.91,1422,61.0,15.24,95.2
543,14,4.92,78.5,4.93,29.65,1374,64.7,15.08,94.8
544,14,5.34,80.3,4.67,33.19,1504,63.0,13.58,82.5
545,14,5.02,83.0,5.09,31.00,1385,61.5,15.84,81.4
546,14,5.42,82.7,5.03,30.27,1402,59.3,17.77,74.2
547,14,5.03,83.6,5.27,29.48,1394,62.0,17.19,71.7
548,14,5.27,85.2,5.25,30.35,1394,62.6,18.23,60.7
549,14,5.72,80.9,5.50,33.32,1410,57.1,19.78,54.8
550,14,5.19,85.5,5.04,31.16,1444,59.3,18.79,54.9
551,14,5.40,83.9,5.56,30.24,1442,56.7,19.67,44.1
552,14,5.76,82.0,5.59,31.56,1462,55.7,21.53,40.4
553,14,5.82,85.5,5.46,31.15,1424,56.0,20.38,34.2
554,14,5.59,85.7,5.62,32.11,1382,58.4,21.04,29.7
555,14,5.54,87.4,5.64,31.01,1388,51.6,25.94,32.5
556,14,6.04,87.6,5.58,29.87,1390,57.5,23.42,24.3
557,14,5.66,87.1,6.57,32.48,1377,55.5,24.59,15.1
558,14,5.70,86.5,5.76,33.54,1411,52.4,29.04,11.9
559,14,6.26,86.6,6.29,32.80,1422,54.3,26.62,4.4
560,14,5.86,85.3,5.84,32.91,1409,55.7,30.65,4.0
561,15,0.76,50.6,4.06,22.67,1292,104.7,0.82,470.5
562,15,1.69,50.9,4.10,27.38,1368,107.0,0.90,465.7
563,15,0.95,51.0,3.97,23.21,1329,99.7,0.95,457.4
564,15,1.44,55.4,4.04,25.85,1324,104.9,1.25,440.9
565,15,1.57,52.5,4.36,26.13,1313,100.5,1.10,421.2
566,15,1.90,54.7,4.12,26.98,1372,96.9,1.34,412.8
567,15,1.58,60.8,4.13,29.89,1367,98.5,1.36,404.7
568,15,2.18,58.3,4.42,27.73,1389,95.3,1.40,391.5
569,15,2.09,56.1,4.34,24.53,1306,96.1,1.34,383.7
570,15,2.00,55.2,7.97,26.65,1330,93.5,1.72,368.5
571,15,1.96,60.4,7.87,28.80,1369,89.4,2.02,350.2
572,15,2.51,55.0,4.35,28.22,1398,88.0,1.95,339.3
573,15,2.73,61.6,4.47,29.20,1385,89.3,1.96,328.2
574,15,2.74,63.1,7.49,25.38,1348,88.5,2.46,315.7
575,15,2.63,61.7,7.73,29.66,1390,85.7,1.76,305.7
576,15,2.87,62.9,7.55,28.54,1306,86.6,3.05,300.2
577,15,3.00,62.1,7.64,30.16,1381,84.4,3.93,282.3
578,15,3.32,65.5,7.49,31.83,1357,87.8,3.83,274.4
579,15,3.20,66.7,4.23,30.89,1381,81.9,4.29,263.7
580,15,3.36,69.0,4.32,30.09,1347,81.9,4.07,251.0
581,15,3.51,69.1,4.37,29.32,1399,81.5,4.71,234.0
582,15,3.72,67.3,4.52,34.96,1352,76.6,4.52,221.0
583,15,3.73,70.2,7.26,29.19,1341,76.8,6.43,212.0
584,15,3.74,68.4,7.40,32.45,1339,75.8,7.63,194.0
585,15,4.22,72.5,4.57,33.55,1339,74.4,8.24,183.1
586,15,3.97,73.3,6.96,31.05,1310,73.9,7.23,179.9
587,15,4.62,74.6,4.65,31.49,1319,70.6,9.42,163.2
588,15,4.45,76.9,4.75,33.37,1338,69.5,9.20,148.4
589,15,5.04,75.1,4.95,32.62,1273,68.5,9.11,133.6
590,15,4.47,74.0,4.76,32.36,1362,67.0,10.34,125.4
591,15,5.02,78.1,7.00,32.47,1276,67.8,14.02,111.6
592,15,4.93,77.3,4.85,35.59,1319,63.5,13.78,104.7
593,15,5.53,82.4,4.98,34.59,1345,64.5,16.04,91.3
594,15,5.08,81.7,5.17,33.98,1299,62.9,18.77,80.0
595,15,5.29,81.6,5.29,36.09,1364,63.8,20.43,67.3
596,15,5.39,82.8,5.51,31.92,1359,61.0,19.34,53.7
597,15,5.73,88.4,5.41,35.50,1292,59.9,24.57,41.9
598,15,5.94,83.2,5.33,33.02,1300,59.2,19.30,28.6
599,15,5.78,87.0,5.58,36.05,1293,58.0,25.67,20.2
600,15,6.20,84.3,6.05,33.59,1333,57.1,24.98,4.5
601,16,0.84,53.0,4.12,19.34,1441,102.6,0.74,459.7
602,16,1.53,54.8,4.35,18.45,1433,103.0,0.70,449.9
603,16,1.51,53.7,4.03,18.67,1439,100.1,0.97,437.7
604,16,1.65,51.9,4.27,17.49,1386,98.4,1.04,424.6
605,16,1.82,55.9,4.01,15.05,1385,102.1,1.26,410.9
606,16,2.18,57.1,4.29,19.39,1380,98.4,1.29,402.4
607,16,2.35,58.4,4.22,17.56,1403,92.9,1.44,391.7
608,16,2.31,61.3,4.38,21.01,1417,93.3,1.31,378.7
609,16,2.27,58.0,4.29,22.26,1460,92.9,1.54,366.9
610,16,2.25,62.1,7.96,19.32,1394,88.2,1.88,350.8
611,16,2.56,60.0,4.37,22.17,1386,88.5,2.29,339.1
612,16,2.65,59.1,7.65,20.75,1445,88.4,2.36,329.5
613,16,2.88,65.1,7.58,25.45,1433,92.8,2.14,321.6
614,16,2.70,59.4,7.83,20.23,1365,89.2,3.11,308.4
615,16,2.70,65.0,4.25,22.85,1461,85.2,3.13,300.5
616,16,3.11,64.8,4.43,23.95,1485,87.5,3.25,284.2
617,16,3.32,65.5,4.46,21.28,1363,86.9,4.21,273.5
618,16,3.79,67.0,4.50,22.17,1420,84.6,5.48,258.2
619,16,3.50,69.9,4.45,20.96,1449,82.3,3.65,251.3
620,16,3.26,67.4,4.54,21.70,1430,77.4,4.92,237.1
621,16,3.90,68.6,7.32,23.25,1401,76.9,5.83,225.2
622,16,3.87,72.5,7.39,22.27,1393,77.5,5.87,213.5
623,16,3.81,74.4,4.66,23.30,1403,71.1,6.62,202.0
624,16,4.05,72.7,4.67,25.62,1434,75.4,7.89,192.3
625,16,3.69,71.8,7.12,22.00,1406,70.5,7.97,178.2
626,16,4.58,75.4,4.67,24.03,1450,71.5,8.19,166.9
627,16,4.19,75.8,4.54,23.27,1468,72.4,9.19,159.0
628,16,4.54,78.0,7.23,24.13,1399,68.1,10.18,142.3
629,16,4.83,76.1,4.66,22.59,1389,67.2,11.63,135.1
630,16,4.95,82.7,5.00,24.35,1413,69.5,11.65,125.7
631,16,5.07,77.6,4.93,27.26,1384,60.0,13.55,111.2
632,16,5.09,80.6,5.10,31.61,1345,57.1,12.57,98.0
633,16,5.21,83.0,6.72,25.24,1439,63.0,14.64,85.5
634,16,5.23,87.5,5.20,25.50,1343,61.7,17.83,76.6
635,16,5.50,82.9,5.04,29.70,1387,61.5,19.64,68.6
636,16,5.76,83.8,5.26,27.41,1447,59.0,23.24,47.0
637,16,5.59,90.6,5.49,27.31,1402,53.5,20.19,38.3
638,16,5.78,86.2,5.52,23.86,1360,59.9,22.43,34.2
639,16,5.91,83.0,5.82,29.96,1446,55.9,30.37,22.7
640,16,6.13,91.7,6.10,27.44,1432,53.8,33.11,4.3
641,17,2.06,51.8,4.45,23.91,1498,95.9,0.94,404.7
642,17,2.11,54.2,4.20,25.07,1537,94.1,1.38,389.4
643,17,2.43,54.1,4.40,22.30,1515,92.4,1.43,378.4
644,17,1.82,56.0,4.06,22.00,1471,94.5,1.33,374.5
645,17,2.16,55.9,7.82,22.85,1452,92.2,1.26,364.6
646,17,2.38,58.6,4.36,24.91,1507,91.7,1.56,350.6
647,17,2.31,57.2,7.84,22.87,1523,90.5,1.79,341.3
648,17,2.59,61.0,4.37,22.88,1427,90.9,2.29,321.7
649,17,2.95,57.7,4.17,23.14,1453,85.6,2.65,318.6
650,17,3.13,63.0,4.31,24.27,1539,86.8,2.48,304.9
651,17,2.89,60.4,7.82,26.33,1486,87.2,2.62,300.6
652,17,3.28,58.8,4.38,26.51,1583,82.1,3.67,288.2
653,17,3.29,58.6,4.24,23.02,1476,86.6,3.24,278.8
654,17,2.97,60.6,7.69,24.46,1549,83.9,3.15,277.0
655,17,2.79,66.3,7.50,25.20,1455,82.1,3.31,257.3
656,17,3.33,65.7,4.41,25.64,1514,83.3,3.68,247.0
657,17,3.53,63.9,7.31,23.38,1407,76.2,4.45,235.2
658,17,3.50,67.9,7.33,26.70,1532,79.7,4.76,232.2
659,17,4.03,69.1,7.33,28.85,1505,79.0,7.74,213.5
660,17,4.14,74.9,7.26,25.22,1536,74.8,6.85,205.6
661,17,3.77,70.3,4.62,27.86,1501,78.0,5.53,203.6
662,17,3.92,71.8,4.87,23.59,1494,69.2,6.04,185.2
663,17,4.58,69.6,4.73,28.16,1505,75.4,6.98,177.7
664,17,4.37,73.4,7.05,23.94,1528,71.2,8.95,168.7
665,17,4.53,69.4,4.78,27.53,1522,71.2,9.21,160.9
666,17,4.65,75.3,4.65,26.72,1457,68.4,8.94,140.6
667,17,4.99,69.7,4.82,27.23,1454,68.1,10.54,136.3
668,17,4.60,71.8,4.85,26.00,1452,66.4,12.34,125.7
669,17,4.94,74.2,6.87,32.09,1499,66.9,11.28,118.6
670,17,4.99,75.6,4.86,27.37,1482,64.5,10.68,109.5
671,17,4.86,76.5,4.90,25.90,1432,62.3,10.81,98.3
672,17,5.15,79.8,5.19,29.14,1465,64.4,14.68,86.1
673,17,5.30,78.5,5.13,26.64,1503,63.6,17.68,71.2
674,17,5.33,78.2,5.18,31.78,1431,61.0,17.17,69.8
675,17,5.38,81.1,5.18,29.08,1477,56.6,17.35,55.7
676,17,5.32,80.4,5.48,29.74,1483,60.9,19.24,45.1
677,17,5.72,78.9,5.24,27.73,1478,59.6,22.81,36.0
678,17,5.70,82.4,6.60,30.12,1536,54.5,24.67,22.9
679,17,6.02,85.2,5.55,30.26,1491,53.3,24.93,13.3
680,17,6.23,87.7,5.83,32.13,1477,55.2,27.29,5.3
681,18,4.23,74.1,4.60,26.98,1428,69.6,7.77,169.9
682,18,4.22,75.0,4.64,28.50,1400,68.3,8.16,163.7
683,18,4.38,75.6,7.19,28.74,1391,70.6,6.99,164.1
684,18,4.46,80.8,4.81,28.96,1389,71.2,7.90,157.0
685,18,4.53,79.3,4.70,31.50,1463,73.2,9.00,154.9
686,18,4.68,77.6,4.71,30.00,1398,71.2,8.35,145.6
687,18,4.64,81.9,4.53,30.55,1364,71.3,10.04,145.8
688,18,4.80,80.9,7.19,29.75,1451,68.8,9.01,138.3
689,18,4.68,79.2,4.61,28.75,1444,67.4,9.80,138.1
690,18,4.94,78.4,6.95,30.38,1463,71.6,9.71,128.6
691,18,4.52,81.2,4.78,28.53,1438,66.6,11.66,121.2
692,18,4.82,80.4,4.81,30.98,1474,64.2,11.09,119.2
693,18,4.90,81.5,4.95,29.77,1440,69.2,11.68,115.7
694,18,5.07,76.9,4.88,28.24,1407,64.4,12.80,111.8
695,18,4.94,80.4,4.79,29.89,1421,65.2,10.70,110.1
696,18,4.90,80.4,4.98,31.59,1430,66.9,12.82,106.3
697,18,4.99,78.9,5.10,31.28,1366,63.2,13.93,101.4
698,18,5.47,81.6,5.19,31.65,1425,64.4,15.14,93.3
699,18,5.02,80.3,5.19,31.41,1395,63.0,13.02,92.8
700,18,5.24,80.0,5.25,31.54,1383,65.3,14.70,84.1
701,18,4.89,83.3,4.98,32.00,1441,60.5,17.27,86.5
702,18,5.32,82.0,5.19,33.42,1354,58.7,14.53,74.5
703,18,5.25,81.7,5.07,34.91,1379,64.9,19.10,78.8
704,18,5.53,82.7,5.39,36.34,1424,65.4,18.16,68.0
705,18,5.44,81.2,5.20,33.93,1363,61.6,18.10,67.5
706,18,5.81,83.4,5.00,32.79,1446,62.0,18.52,62.2
707,18,5.09,87.9,5.45,31.28,1453,60.1,19.44,60.8
708,18,5.47,87.6,5.08,31.71,1461,62.1,22.94,50.1
709,18,5.48,84.5,5.48,32.51,1401,60.0,21.22,46.6
710,18,5.39,82.4,5.28,30.61,1426,63.4,19.26,49.7
711,18,5.79,86.7,5.41,32.28,1416,56.0,23.76,41.6
712,18,5.85,87.2,5.42,32.52,1428,57.4,20.37,37.1
713,18,5.79,85.0,5.64,33.14,1369,58.1,29.17,32.4
714,18,6.07,86.1,5.60,33.08,1434,56.9,24.36,26.1
715,18,5.68,89.7,5.87,33.15,1413,55.2,26.76,24.0
716,18,5.48,85.5,5.63,33.86,1422,54.4,26.61,21.6
717,18,6.11,88.2,6.27,36.35,1387,56.3,27.66,10.6
718,18,5.97,88.8,5.70,31.26,1360,56.1,27.01,14.7
719,18,6.20,88.2,5.61,36.05,1404,54.0,26.20,6.3
720,18,6.41,88.4,6.09,31.14,1431,51.9,30.01,4.0
721,19,3.61,67.1,4.56,23.82,1463,78.8,5.98,231.6
722,19,4.13,72.3,4.46,25.34,1514,77.2,5.80,230.4
723,19,3.48,69.2,7.20,23.20,1457,75.7,5.18,221.8
724,19,4.11,70.7,7.28,24.63,1477,78.8,5.87,219.9
725,19,3.79,69.6,7.53,23.09,1393,75.8,5.90,210.8
726,19,3.75,71.6,4.68,22.99,1474,74.3,6.93,201.3
727,19,3.94,72.3,7.27,22.05,1405,73.9,6.39,195.5
728,19,4.26,69.7,4.44,23.32,1452,80.0,6.55,198.6
729,19,4.05,72.8,4.59,20.89,1449,74.0,7.07,188.6
730,19,4.16,73.4,7.16,25.29,1500,73.1,6.56,179.6
731,19,4.24,75.8,4.63,23.92,1507,72.7,7.68,174.4
732,19,4.32,73.3,7.24,27.93,1453,73.0,8.57,172.0
733,19,4.43,77.6,4.72,23.63,1425,69.8,9.17,160.0
734,19,4.42,78.5,4.68,23.73,1462,68.0,10.04,152.2
735,19,4.62,73.9,7.07,23.81,1483,69.6,9.45,144.8
736,19,4.54,71.4,4.67,26.61,1461,72.1,10.19,153.2
737,19,4.56,76.1,4.81,26.40,1496,68.5,13.99,137.4
738,19,5.07,78.9,4.95,26.28,1488,65.7,13.11,130.9
739,19,4.88,76.6,4.83,25.97,1452,67.0,11.51,125.5
740,19,5.20,80.7,4.76,28.30,1462,66.7,11.60,120.8
741,19,4.84,78.0,4.87,28.28,1491,65.0,13.99,120.7
742,19,4.88,80.6,5.14,27.78,1409,63.2,15.20,104.3
743,19,5.24,80.5,5.24,26.26,1475,63.2,16.33,100.7
744,19,5.00,76.4,4.98,27.20,1421,59.5,16.24,92.2
745,19,4.95,84.1,6.99,28.97,1487,59.5,11.38,89.0
746,19,4.99,81.8,4.92,27.54,1469,65.2,15.57,84.0
747,19,5.48,81.8,5.05,26.40,1480,62.4,14.70,76.4
748,19,5.61,79.5,5.15,26.63,1506,60.0,20.88,65.5
749,19,5.10,82.6,5.18,27.05,1454,57.9,21.67,65.8
750,19,5.93,78.4,5.18,27.10,1408,60.3,18.79,57.7
751,19,5.59,82.8,5.11,25.20,1480,60.4,15.57,57.1
752,19,5.88,82.2,5.20,26.15,1487,59.5,17.88,53.4
753,19,5.54,83.7,5.46,28.33,1479,57.2,24.32,48.8
754,19,5.85,84.0,5.44,28.10,1483,58.6,20.73,38.1
755,19,5.75,83.8,7.00,25.83,1438,58.9,24.50,33.1
756,19,5.81,85.5,5.49,28.73,1473,53.6,19.62,28.1
757,19,5.77,85.3,5.79,26.89,1498,55.0,24.55,27.4
758,19,6.23,84.6,5.92,28.71,1434,55.1,32.12,10.4
759,19,6.44,80.8,6.02,29.41,1430,53.9,37.33,4.0
760,19,6.12,87.0,5.67,29.04,1487,55.6,23.73,7.8
761,20,4.58,76.2,4.79,30.92,1453,67.9,13.15,117.1
762,20,4.47,81.0,4.86,32.34,1522,66.0,11.04,123.5
763,20,4.70,74.5,4.83,33.03,1489,68.9,9.95,118.1
764,20,5.24,77.9,4.94,32.66,1498,66.5,12.96,112.5
765,20,5.06,80.2,6.82,28.19,1495,65.1,8.95,108.8
766,20,5.51,79.2,4.91,31.26,1452,65.7,14.17,108.1
767,20,4.96,75.3,7.11,30.54,1460,64.1,15.75,101.1
768,20,4.96,85.3,5.03,32.81,1484,65.4,12.76,98.1
769,20,4.95,78.4,5.09,33.47,1491,66.7,14.95,101.1
770,20,4.82,77.3,5.24,32.67,1502,65.1,14.78,93.7
771,20,5.09,75.5,4.99,28.56,1457,62.1,15.22,92.2
772,20,5.69,77.1,5.00,27.69,1480,63.5,12.47,87.8
773,20,5.25,78.8,5.07,28.97,1504,64.5,13.61,84.4
774,20,4.98,77.8,5.13,31.91,1483,62.0,12.01,84.3
775,20,5.33,79.6,5.21,31.88,1483,58.6,13.28,82.4
776,20,5.43,77.9,5.28,31.16,1516,62.6,14.18,73.1
777,20,4.91,84.3,5.29,32.41,1511,60.7,13.61,70.2
778,20,5.44,79.4,5.04,31.40,1529,60.8,14.53,73.4
779,20,5.66,79.1,5.24,31.37,1502,57.6,16.26,62.9
780,20,5.36,80.5,5.14,32.52,1498,59.2,15.06,63.5
781,20,5.82,84.5,5.24,31.80,1473,62.7,14.09,60.4
782,20,5.63,77.2,5.16,30.46,1513,58.4,15.90,59.2
783,20,5.42,77.1,5.38,32.37,1492,54.0,16.34,60.3
784,20,5.72,84.1,5.13,32.38,1537,57.4,17.15,51.8
785,20,5.29,82.8,5.31,31.01,1478,57.5,17.48,57.7
786,20,5.87,81.2,5.27,31.81,1559,57.2,17.25,44.9
787,20,5.78,82.1,5.36,33.73,1495,56.9,15.26,41.3
788,20,5.97,83.1,5.40,29.61,1469,57.7,20.80,40.1
789,20,5.33,84.9,5.29,31.07,1535,58.7,17.87,41.1
790,20,5.86,85.3,5.39,31.49,1482,58.4,22.80,31.9
791,20,5.92,84.6,5.47,34.12,1552,54.5,21.25,26.5
792,20,5.89,79.0,5.67,32.16,1461,55.2,22.01,25.3
793,20,6.47,84.4,5.64,36.65,1469,53.6,29.62,21.3
794,20,6.14,86.5,5.52,31.06,1468,54.7,18.06,16.9
795,20,6.01,86.3,5.73,32.18,1525,55.5,21.25,15.2
796,20,5.90,83.7,5.81,30.62,1485,58.0,24.46,12.7
797,20,6.21,87.0,5.57,32.55,1534,56.1,21.23,11.8
798,20,5.96,87.6,6.15,31.15,1415,52.2,28.63,4.1
799,20,6.00,84.6,5.79,35.98,1488,53.6,29.93,6.8
800,20,6.21,83.2,6.26,30.52,1512,54.8,27.79,7.0
801,21,2.08,60.5,8.06,21.22,1452,92.3,1.77,368.7
802,21,2.18,58.1,4.53,21.25,1480,94.0,1.54,360.3
803,21,2.20,63.5,4.28,22.31,1434,93.0,1.64,348.6
804,21,2.12,61.8,7.82,21.61,1536,89.0,2.42,343.6
805,21,2.70,61.1,7.85,21.07,1465,88.5,1.60,333.9
806,21,2.93,64.3,7.83,22.01,1540,87.3,2.30,318.7
807,21,2.82,62.5,4.32,26.86,1452,86.9,2.86,312.1
808,21,2.69,63.4,7.75,25.04,1508,86.7,2.94,302.5
809,21,3.29,64.9,4.51,20.79,1523,85.8,3.02,294.8
810,21,3.32,63.0,7.51,25.31,1560,84.2,3.02,284.2
811,21,2.95,65.2,4.27,23.60,1510,83.9,3.50,277.4
812,21,3.37,68.0,7.54,27.88,1466,81.2,4.63,269.3
813,21,3.37,64.5,4.33,26.48,1524,80.3,4.03,255.7
814,21,3.17,71.0,4.34,24.06,1510,80.1,3.58,247.6
815,21,3.51,72.9,7.26,22.80,1442,81.0,4.34,241.5
816,21,3.53,67.4,4.42,30.57,1422,78.2,4.76,225.7
817,21,3.86,69.5,7.23,25.45,1510,75.6,5.18,218.6
818,21,3.93,72.1,4.47,27.60,1464,73.9,6.45,208.8
819,21,3.89,73.9,7.22,24.32,1513,73.3,5.86,202.3
820,21,4.00,71.1,4.46,25.68,1478,75.4,5.67,190.8
821,21,4.28,73.5,4.86,23.48,1505,75.5,6.20,182.3
822,21,4.75,75.1,4.80,25.72,1487,70.7,8.80,171.3
823,21,4.41,74.6,7.34,25.82,1499,67.1,8.16,161.9
824,21,4.35,76.8,4.75,24.72,1563,70.5,10.57,155.2
825,21,4.61,74.3,4.65,24.67,1492,68.1,9.34,146.2
826,21,4.31,76.2,4.71,29.11,1452,68.0,11.59,135.9
827,21,4.71,78.0,4.85,27.84,1481,68.8,8.78,119.6
828,21,4.74,79.1,5.11,28.47,1490,63.6,10.51,112.3
829,21,4.89,77.7,4.97,27.58,1422,65.3,13.50,106.6
830,21,4.97,78.9,5.08,29.02,1487,63.6,13.92,94.6
831,21,4.99,76.0,5.04,27.70,1502,67.5,13.42,89.4
832,21,5.04,80.1,5.06,28.21,1540,63.4,17.09,80.9
833,21,5.41,85.2,5.14,30.16,1497,62.3,15.26,67.9
834,21,5.16,83.9,5.21,29.33,1461,58.5,17.26,57.8
835,21,5.36,80.2,5.39,26.77,1484,60.3,18.29,50.7
836,21,5.51,83.2,5.50,29.18,1466,58.4,19.40,39.2
837,21,5.74,85.3,5.38,29.85,1546,58.4,21.76,37.4
838,21,5.84,90.2,6.31,30.80,1510,59.6,23.28,25.3
839,21,6.36,84.2,5.84,28.91,1456,55.0,25.28,11.7
840,21,5.92,84.2,6.12,28.59,1505,54.9,32.30,8.5
841,22,4.98,75.4,4.88,28.06,1409,64.2,9.80,126.4
842,22,5.05,75.0,4.83,25.85,1419,67.4,9.80,120.1
843,22,5.19,72.4,6.98,26.86,1467,67.5,12.20,113.8
844,22,5.40,75.5,4.86,26.43,1400,69.7,13.33,114.4
845,22,4.73,74.5,5.18,27.72,1415,63.9,13.20,110.9
846,22,5.42,74.1,5.17,27.25,1405,64.8,12.70,108.5
847,22,5.06,76.9,5.04,27.47,1427,62.1,13.40,108.9
848,22,5.02,78.2,4.98,27.49,1402,63.2,9.74,104.9
849,22,4.78,75.9,5.22,28.58,1428,63.2,12.67,105.0
850,22,5.22,75.1,5.04,30.28,1369,69.5,13.91,97.8
851,22,5.22,74.5,5.20,25.94,1404,63.2,16.10,90.9
852,22,5.16,81.9,5.02,25.59,1370,60.9,16.86,88.8
853,22,5.39,76.3,5.20,28.66,1452,64.6,16.52,84.6
854,22,5.32,79.5,4.90,24.74,1409,63.0,18.38,85.3
855,22,5.02,80.2,5.14,32.39,1363,64.8,15.73,80.2
856,22,5.67,80.5,5.14,28.67,1426,60.1,17.04,75.2
857,22,5.41,79.4,5.06,28.54,1433,57.7,16.40,72.5
858,22,5.45,78.6,5.17,30.60,1455,61.3,18.73,69.3
859,22,5.50,82.8,5.41,27.98,1374,58.9,19.72,69.1
860,22,5.33,79.2,5.22,26.24,1459,58.6,15.69,66.5
861,22,5.67,80.2,5.32,28.38,1392,60.5,17.05,59.4
862,22,5.76,81.5,5.12,26.31,1433,62.2,15.90,65.3
863,22,5.73,80.2,5.13,31.05,1391,59.5,18.96,58.3
864,22,5.78,76.0,5.39,29.25,1416,59.7,22.99,53.0
865,22,5.62,79.7,5.56,30.10,1487,64.6,19.02,51.1
866,22,5.76,81.3,5.09,30.53,1396,58.7,21.28,47.5
867,22,5.65,77.3,5.44,26.05,1408,59.3,19.75,44.2
868,22,5.75,83.5,5.43,29.79,1404,59.2,23.56,39.4
869,22,5.58,86.3,5.39,28.05,1481,57.8,25.88,38.8
870,22,6.17,81.7,5.37,32.71,1454,59.6,23.11,36.9
871,22,6.24,84.2,5.65,26.68,1468,57.9,23.81,31.1
872,22,5.85,85.4,5.73,30.62,1394,55.6,22.59,26.7
873,22,5.85,82.1,5.93,29.46,1440,54.9,25.34,27.8
874,22,5.91,82.2,5.73,28.02,1454,54.3,22.80,24.6
875,22,6.28,82.4,5.96,30.01,1434,56.1,29.30,12.8
876,22,5.75,84.8,5.63,26.80,1376,57.5,22.62,13.0
877,22,5.81,86.7,6.28,29.22,1358,57.9,24.71,7.3
878,22,5.93,80.3,5.93,28.72,1471,54.2,27.90,5.4
879,22,6.38,79.2,6.65,29.48,1466,54.4,36.37,6.7
880,22,5.90,83.9,5.90,32.94,1445,55.0,30.77,4.0
881,23,2.47,58.4,4.23,19.88,1491,94.9,1.59,378.8
882,23,2.28,61.6,7.98,18.25,1541,89.4,1.98,367.3
883,23,2.06,56.2,7.86,23.93,1486,89.1,1.56,355.1
884,23,2.57,59.6,7.94,18.49,1555,90.6,2.47,348.6
885,23,2.48,58.3,4.46,22.90,1470,89.3,2.36,334.5
886,23,2.83,62.3,7.66,20.26,1399,89.2,2.74,325.0
887,23,2.91,65.6,7.86,20.50,1556,85.6,2.83,312.8
888,23,2.80,62.1,7.40,23.02,1431,87.6,2.82,312.1
889,23,2.80,64.1,7.53,21.13,1526,82.1,2.88,295.0
890,23,3.10,63.1,4.45,20.54,1519,85.3,3.44,289.3
891,23,3.01,61.8,4.41,24.42,1452,79.1,4.17,279.0
892,23,3.74,64.9,4.15,20.59,1557,85.0,3.45,267.3
893,23,3.40,67.7,4.30,23.09,1518,78.4,5.24,255.5
894,23,3.72,66.1,4.30,21.86,1469,83.1,4.49,250.4
895,23,3.45,69.5,4.56,22.43,1539,78.8,5.28,242.0
896,23,3.85,67.8,4.72,22.55,1474,77.8,4.62,235.1
897,23,3.78,72.8,4.49,22.32,1419,77.2,4.97,224.3
898,23,3.97,70.5,7.52,21.36,1513,74.3,5.21,216.0
899,23,3.92,66.0,7.27,24.86,1474,75.3,6.67,209.7
900,23,4.26,70.9,4.60,21.81,1473,70.8,6.08,191.0
901,23,4.08,72.7,7.47,21.22,1460,77.0,7.85,188.9
902,23,4.37,72.7,4.74,22.37,1501,72.1,7.01,175.1
903,23,4.75,75.9,4.69,22.95,1477,70.1,9.03,169.6
904,23,4.02,73.7,7.15,25.14,1456,73.7,10.58,160.3
905,23,4.25,74.5,4.83,19.55,1461,64.8,9.18,149.1
906,23,4.39,76.8,7.04,26.25,1496,69.0,10.01,134.8
907,23,4.52,73.7,4.86,21.70,1472,64.1,12.01,130.8
908,23,5.05,77.8,4.99,25.05,1506,61.9,12.95,117.9
909,23,4.78,79.6,5.12,25.02,1485,66.4,11.17,110.8
910,23,4.73,83.0,5.19,25.22,1531,66.7,18.24,101.0
911,23,5.04,77.8,5.09,27.82,1474,67.7,16.22,96.8
912,23,5.56,81.0,5.24,22.54,1479,62.0,18.05,85.8
913,23,5.49,80.4,5.12,25.30,1507,64.6,19.51,70.2
914,23,5.42,79.1,5.21,23.29,1457,62.5,19.58,61.8
915,23,5.89,85.7,5.24,25.81,1470,58.5,22.71,51.6
916,23,5.74,82.9,5.52,25.18,1487,58.4,22.74,42.8
917,23,5.77,84.2,5.37,23.30,1426,59.5,24.24,34.4
918,23,6.05,82.8,5.80,27.23,1512,54.9,25.40,18.0
919,23,6.17,88.0,5.96,26.60,1461,54.6,30.31,15.1
920,23,5.81,83.8,5.65,25.11,1493,56.8,30.61,7.1
921,24,3.10,61.6,7.63,22.22,1505,84.9,3.58,283.7
922,24,3.54,62.1,4.47,21.53,1497,80.7,3.31,278.6
923,24,3.01,65.2,4.33,24.93,1461,82.8,4.56,265.5
924,24,3.59,67.8,7.31,22.39,1415,80.9,3.66,261.2
925,24,3.54,63.2,4.41,21.59,1536,81.6,4.23,256.6
926,24,3.52,70.7,4.45,26.34,1494,81.6,4.53,241.5
927,24,3.49,63.7,7.48,22.83,1478,79.3,4.14,234.7
928,24,3.62,61.4,4.49,21.64,1527,79.0,4.58,232.7
929,24,3.54,68.9,7.42,21.17,1545,78.7,5.46,223.9
930,24,3.64,73.1,4.85,23.04,1490,77.6,5.35,219.7
931,24,3.78,65.9,4.70,24.12,1420,76.2,6.17,209.8
932,24,3.83,70.2,4.63,22.82,1444,72.6,5.62,199.0
933,24,3.91,69.1,4.68,24.68,1428,76.4,7.10,197.0
934,24,3.89,70.4,4.62,23.75,1456,74.4,6.63,187.3
935,24,4.14,72.5,4.42,24.52,1525,74.5,7.09,184.8
936,24,4.09,74.2,4.66,26.30,1430,72.8,7.57,172.6
937,24,4.30,75.5,4.72,25.09,1505,69.2,9.39,170.2
938,24,4.46,75.1,4.81,25.85,1547,70.4,8.18,162.3
939,24,4.78,70.6,4.42,27.29,1482,71.1,11.34,158.2
940,24,4.83,73.3,4.76,25.61,1456,70.6,9.17,144.7
941,24,4.51,76.2,4.89,26.75,1437,71.0,11.53,143.0
942,24,4.84,76.5,4.94,26.02,1488,70.5,9.04,136.3
943,24,4.92,75.1,4.86,25.87,1496,64.7,10.02,123.9
944,24,4.53,84.5,4.88,27.63,1497,63.6,12.28,121.7
945,24,4.65,77.7,4.97,25.22,1484,66.4,13.62,109.0
946,24,5.08,80.2,4.93,27.05,1516,69.9,12.55,108.2
947,24,5.15,75.4,5.10,26.93,1471,63.0,14.01,95.6
948,24,4.88,78.7,5.09,29.69,1462,67.6,11.94,90.1
949,24,5.10,80.8,5.13,30.42,1499,63.1,14.82,81.6
950,24,5.24,79.4,5.00,26.08,1486,64.6,16.95,78.6
951,24,5.25,80.0,5.00,27.27,1493,62.2,21.90,67.3
952,24,5.26,79.5,5.33,28.44,1464,57.8,17.44,54.8
953,24,5.64,83.3,5.14,27.77,1504,60.5,16.06,51.0
954,24,5.31,78.1,5.25,28.62,1466,56.7,21.08,44.5
955,24,5.32,80.1,5.42,26.04,1464,56.5,22.11,40.2
956,24,5.62,81.6,5.69,30.21,1457,57.0,24.14,32.1
957,24,5.76,84.6,5.54,29.73,1478,59.4,25.06,26.7
958,24,6.05,80.3,5.48,28.52,1499,51.8,24.45,16.3
959,24,5.94,88.3,5.99,31.78,1499,53.0,28.26,7.4
960,24,5.83,84.6,5.88,27.85,1513,50.8,29.26,4.0
961,25,3.44,64.3,4.43,24.15,1459,82.2,3.56,261.9
962,25,3.71,67.7,4.46,24.83,1490,81.2,3.33,260.3
963,25,3.35,63.7,4.39,24.99,1514,82.5,3.97,244.2
964,25,3.47,70.3,7.48,25.84,1520,83.8,3.85,244.6
965,25,4.24,64.7,7.30,29.44,1497,79.1,4.07,233.9
966,25,4.06,69.0,4.31,29.30,1567,80.6,4.95,235.5
967,25,3.58,68.2,4.50,26.35,1529,78.3,4.96,223.0
968,25,3.92,72.7,7.38,26.49,1549,74.4,5.52,217.8
969,25,3.84,71.8,7.27,28.33,1536,78.4,5.74,207.5
970,25,4.06,72.3,7.32,26.43,1507,74.4,5.97,202.0
971,25,4.45,73.9,4.65,25.92,1522,75.6,6.01,199.1
972,25,4.22,75.8,4.49,31.90,1531,75.8,6.94,191.7
973,25,4.38,71.8,7.32,28.80,1573,74.6,8.96,184.0
974,25,4.61,75.0,4.68,29.69,1491,75.0,7.29,172.4
975,25,4.46,75.0,4.82,26.87,1501,70.0,7.88,169.9
976,25,4.24,75.1,4.73,25.45,1505,70.0,8.33,161.2
977,25,4.26,78.1,4.89,27.27,1544,69.8,8.88,157.0
978,25,4.56,75.2,4.86,30.03,1534,68.9,9.48,151.0
979,25,4.62,77.4,7.05,29.93,1515,71.8,10.75,147.4
980,25,4.61,79.7,4.70,27.33,1499,65.3,9.34,136.2
981,25,4.50,75.8,4.75,25.76,1522,71.3,12.61,136.3
982,25,4.55,77.5,4.83,29.07,1551,63.2,12.24,122.1
983,25,5.11,81.1,4.95,28.67,1532,67.2,14.82,114.0
984,25,4.97,80.2,4.87,28.21,1516,66.5,13.34,112.5
985,25,5.37,78.6,5.11,29.17,1518,64.5,13.44,102.3
986,25,5.20,78.7,4.77,31.05,1501,67.3,12.79,98.5
987,25,5.33,75.7,4.86,27.21,1483,63.5,17.04,88.8
988,25,5.44,79.8,5.01,29.86,1509,63.4,13.57,81.2
989,25,5.71,81.1,4.90,30.74,1534,66.1,13.84,78.6
990,25,5.63,78.9,5.29,30.73,1546,58.8,16.55,71.7
991,25,5.65,81.7,5.45,26.26,1502,59.6,18.81,57.5
992,25,5.86,85.1,5.24,28.74,1575,64.0,18.10,54.6
993,25,5.60,83.4,5.31,26.23,1502,58.8,20.15,44.8
994,25,5.87,82.5,5.46,29.80,1485,59.4,23.39,46.4
995,25,6.13,84.7,5.49,27.74,1543,57.7,24.35,35.1
996,25,6.13,80.6,5.56,30.51,1507,57.2,26.38,32.0
997,25,6.11,86.6,5.64,30.48,1472,56.7,27.85,23.9
998,25,6.05,84.4,5.60,30.82,1445,53.2,27.87,15.3
999,25,5.88,85.6,5.64,28.98,1490,55.0,28.58,13.0
1000,25,6.03,88.0,5.72,29.86,1542,54.4,29.03,4.0
1001,26,4.30,74.7,4.72,32.44,1344,72.7,7.29,159.3
1002,26,4.44,74.7,4.76,33.61,1374,69.5,11.31,155.5
1003,26,4.66,75.1,4.72,30.45,1397,67.0,10.23,151.0
1004,26,4.45,74.2,4.68,33.94,1416,70.5,8.33,151.0
1005,26,4.59,71.3,4.64,32.03,1394,70.7,9.59,142.4
1006,26,4.65,77.3,4.82,30.92,1411,68.3,9.59,140.0
1007,26,4.98,76.6,4.80,33.70,1391,68.7,9.78,135.8
1008,26,4.83,75.1,4.70,33.13,1393,69.0,9.59,132.6
1009,26,4.58,78.9,7.24,35.48,1404,68.4,9.66,131.7
1010,26,4.63,75.4,4.77,35.39,1383,67.2,11.01,126.1
1011,26,5.24,74.8,7.06,33.76,1378,66.5,13.60,122.0
1012,26,4.94,74.6,4.96,36.11,1366,65.0,14.41,117.4
1013,26,4.90,74.9,4.84,31.64,1392,67.2,10.87,112.4
1014,26,4.94,76.2,4.87,33.52,1354,69.5,13.07,105.9
1015,26,5.27,79.6,4.97,33.50,1357,63.6,13.54,99.8
1016,26,5.12,82.8,5.09,31.83,1437,64.6,13.61,93.4
1017,26,5.17,79.1,4.92,35.37,1367,63.4,16.25,92.9
1018,26,5.53,75.1,5.07,34.74,1376,63.6,13.81,92.3
1019,26,5.35,79.7,4.84,32.06,1432,67.3,15.27,91.4
1020,26,5.28,81.9,5.01,36.82,1350,64.2,19.41,86.4
1021,26,5.10,81.5,5.02,34.92,1398,64.3,12.84,85.6
1022,26,5.30,79.4,5.18,37.37,1370,58.5,18.98,73.5
1023,26,5.47,81.9,5.24,32.79,1356,59.5,14.67,72.2
1024,26,5.36,79.9,5.26,34.78,1468,63.1,20.10,73.1
1025,26,5.40,82.0,5.38,33.90,1313,57.6,21.07,59.3
1026,26,5.44,81.8,4.97,36.28,1424,57.8,17.71,63.9
1027,26,5.39,81.3,5.36,35.51,1408,53.5,20.48,49.0
1028,26,5.62,81.8,5.39,34.10,1420,61.0,21.78,49.2
1029,26,5.58,84.9,5.60,35.72,1407,60.7,24.11,44.1
1030,26,5.64,86.4,5.41,32.37,1365,57.1,23.64,42.2
1031,26,5.93,84.8,5.38,34.47,1328,58.7,20.23,40.8
1032,26,5.88,84.6,5.83,34.36,1408,52.7,27.34,30.9
1033,26,6.08,87.0,5.52,35.66,1486,57.6,27.41,33.5
1034,26,5.83,87.7,5.45,38.90,1427,57.8,21.39,25.9
1035,26,5.95,87.3,5.71,35.14,1388,57.1,25.56,26.0
1036,26,5.96,85.7,5.65,36.05,1363,57.4,21.81,19.0
1037,26,6.45,87.0,5.96,35.18,1451,56.5,24.03,8.9
1038,26,6.28,83.7,5.67,34.14,1410,54.2,24.85,12.9
1039,26,6.44,84.9,5.92,37.51,1433,54.3,31.64,4.0
1040,26,6.19,86.0,6.04,38.52,1460,55.6,27.62,4.0
1041,27,1.13,47.6,4.21,21.98,1419,102.5,0.77,475.4
1042,27,1.46,49.9,4.05,20.90,1363,102.4,0.74,465.6
1043,27,1.65,47.5,4.18,21.75,1357,100.2,0.88,453.1
1044,27,1.62,52.6,4.14,23.38,1332,100.7,0.87,436.4
1045,27,1.82,56.2,4.01,24.68,1292,101.3,0.88,429.2
1046,27,2.03,49.8,4.23,22.99,1418,95.7,1.13,414.6
1047,27,1.54,50.2,4.32,23.82,1443,98.4,0.95,400.8
1048,27,2.11,55.2,4.22,26.15,1424,94.7,1.22,396.1
1049,27,1.94,56.2,4.28,27.18,1390,91.9,1.61,378.2
1050,27,2.71,59.1,4.08,23.24,1395,93.0,1.61,367.9
1051,27,2.57,55.6,7.81,23.24,1387,89.6,2.10,356.1
1052,27,2.82,57.8,4.58,25.63,1404,87.5,1.81,343.7
1053,27,2.82,58.2,4.35,26.88,1422,86.3,2.03,335.1
1054,27,2.89,60.0,7.77,23.42,1427,90.9,1.85,318.5
1055,27,2.82,64.7,7.79,24.57,1344,87.1,2.50,304.4
1056,27,2.88,63.0,7.75,26.39,1375,83.2,2.87,301.7
1057,27,3.18,61.6,7.50,28.40,1408,84.1,2.82,282.8
1058,27,3.38,62.1,4.29,28.52,1380,81.0,2.90,268.5
1059,27,3.34,64.8,7.28,27.99,1449,80.1,4.39,255.1
1060,27,3.24,65.4,4.50,25.90,1357,81.1,5.18,246.2
1061,27,3.39,69.8,4.36,26.65,1383,77.7,4.63,236.7
1062,27,3.94,71.5,7.45,25.75,1373,76.2,4.23,225.5
1063,27,4.39,66.6,4.51,29.72,1381,78.3,7.22,207.7
1064,27,4.16,67.0,7.00,28.32,1361,76.9,5.71,201.3
1065,27,4.37,69.0,4.60,25.99,1416,70.1,7.72,181.9
1066,27,4.54,78.4,4.32,29.56,1404,73.6,7.45,171.3
1067,27,4.62,69.2,4.91,28.80,1473,70.3,8.97,163.0
1068,27,4.55,74.9,7.00,28.86,1395,66.6,8.40,151.5
1069,27,4.73,74.0,4.94,31.11,1383,67.7,9.14,138.3
1070,27,4.96,75.1,4.92,28.67,1462,65.6,13.93,125.5
1071,27,4.90,75.0,4.79,31.34,1428,61.0,9.25,115.9
1072,27,5.43,74.1,4.96,34.31,1391,64.1,11.66,103.5
1073,27,5.16,79.3,5.06,27.74,1457,57.9,16.50,86.9
1074,27,5.50,84.0,5.08,31.42,1434,59.8,15.05,76.9
1075,27,5.75,83.3,5.12,27.33,1392,61.7,20.39,68.4
1076,27,5.75,83.4,5.62,30.51,1436,57.2,20.37,53.0
1077,27,5.69,83.1,5.32,33.22,1397,59.4,21.10,41.2
1078,27,6.21,87.1,5.42,30.05,1328,57.7,19.13,32.4
1079,27,5.99,85.1,6.48,34.44,1388,53.8,23.30,19.8
1080,27,6.04,89.5,5.81,33.52,1351,54.8,32.78,8.1
1081,28,4.71,73.6,4.84,29.45,1415,66.8,12.68,122.5
1082,28,4.73,78.4,4.74,29.54,1418,63.6,9.38,121.7
1083,28,4.91,78.5,5.00,31.09,1424,66.2,14.07,114.9
1084,28,4.75,75.9,4.89,32.30,1430,63.7,10.90,118.1
1085,28,4.87,77.8,4.94,29.27,1331,67.1,14.24,108.1
1086,28,4.79,75.6,4.93,31.11,1411,64.1,13.27,107.0
1087,28,4.93,80.9,4.99,33.45,1379,62.9,14.95,101.9
1088,28,5.08,77.6,5.00,30.06,1388,65.5,14.10,100.1
1089,28,5.15,81.9,4.93,29.78,1356,64.6,14.60,93.2
1090,28,4.86,76.1,4.85,31.27,1386,61.1,11.30,97.8
1091,28,5.23,80.2,5.15,31.00,1404,61.9,15.71,91.1
1092,28,5.14,79.6,4.93,29.83,1345,64.5,16.84,90.6
1093,28,5.48,81.0,4.85,28.52,1384,60.2,14.54,87.1
1094,28,5.18,82.5,6.95,32.78,1363,62.8,12.78,82.4
1095,28,5.28,82.6,5.21,30.51,1430,62.5,20.44,77.4
1096,28,5.26,81.1,5.26,28.18,1420,57.1,15.76,78.0
1097,28,5.25,83.5,6.86,29.99,1393,68.3,15.89,74.5
1098,28,5.33,79.9,5.15,29.93,1294,61.9,19.19,70.5
1099,28,5.35,81.3,5.40,27.17,1393,59.2,17.79,71.4
1100,28,5.16,84.0,5.09,32.85,1448,59.3,18.31,66.8
1101,28,5.66,82.2,5.15,29.02,1439,64.4,15.80,63.4
1102,28,5.41,85.9,4.98,32.20,1420,60.2,16.40,56.6
1103,28,5.51,79.9,5.02,31.42,1348,62.7,19.02,62.0
1104,28,5.42,83.6,5.24,32.65,1425,56.6,18.99,48.5
1105,28,5.36,81.3,5.29,34.29,1364,59.5,22.68,49.2
1106,28,5.55,79.8,5.44,33.00,1362,58.7,14.02,39.9
1107,28,5.75,85.0,5.31,30.97,1411,59.5,21.41,43.2
1108,28,5.31,87.2,5.54,31.58,1388,56.0,22.83,37.5
1109,28,5.70,87.2,5.45,31.09,1404,59.7,19.16,36.0
1110,28,5.92,86.4,5.55,27.85,1403,59.6,22.97,30.1
1111,28,6.22,87.3,5.43,32.41,1440,57.2,19.78,29.9
1112,28,5.65,83.6,5.63,33.66,1385,59.3,28.64,24.5
1113,28,5.63,87.5,5.55,31.90,1397,54.6,21.56,26.5
1114,28,5.75,84.4,5.57,32.33,1446,57.6,25.88,20.9
1115,28,5.77,82.1,5.69,31.64,1366,56.9,30.94,16.4
1116,28,5.87,88.2,5.80,30.45,1452,57.8,31.47,12.5
1117,28,6.17,87.2,5.96,31.96,1417,54.1,34.01,14.2
1118,28,5.76,84.8,6.01,33.17,1407,57.4,37.71,8.1
1119,28,5.89,85.6,5.99,33.14,1417,56.0,33.15,5.3
1120,28,6.04,86.2,5.88,33.50,1414,54.1,29.64,4.0
1121,29,4.11,73.4,4.65,31.03,1436,70.1,9.79,168.6
1122,29,4.69,72.3,4.77,34.05,1368,68.3,10.29,163.7
1123,29,4.38,74.8,7.10,34.58,1407,72.0,8.57,163.0
1124,29,4.52,74.7,4.85,33.47,1466,73.1,9.06,159.7
1125,29,4.66,77.0,4.61,33.61,1388,72.0,11.66,155.5
1126,29,4.80,74.7,4.52,34.61,1409,70.6,12.36,147.5
1127,29,4.71,76.9,4.92,30.15,1368,66.0,15.86,143.2
1128,29,5.08,81.6,4.78,35.43,1433,65.9,10.11,141.9
1129,29,4.84,74.0,4.65,34.59,1398,66.9,14.46,134.9
1130,29,4.91,78.7,4.97,35.79,1437,66.0,13.91,123.9
1131,29,4.96,79.7,4.88,31.81,1400,68.9,15.51,124.9
1132,29,4.73,78.5,4.93,32.55,1339,66.5,13.59,121.0
1133,29,5.12,78.9,5.03,34.38,1442,66.3,12.99,116.8
1134,29,5.11,80.4,4.74,29.64,1485,65.1,11.89,111.8
1135,29,4.95,81.7,5.02,32.33,1473,66.1,17.23,108.8
1136,29,4.77,79.2,4.78,30.89,1399,64.5,9.88,106.0
1137,29,5.38,78.1,6.99,33.69,1430,67.3,16.71,98.2
1138,29,5.19,80.4,5.16,33.07,1452,63.1,16.58,95.3
1139,29,5.22,77.6,5.02,32.30,1368,65.1,15.39,89.4
1140,29,5.09,79.6,5.05,33.47,1413,63.5,16.09,85.7
1141,29,5.17,79.9,4.98,38.58,1381,61.4,17.92,83.2
1142,29,5.14,81.1,5.09,33.42,1360,57.8,18.66,81.1
1143,29,5.32,82.9,5.08,34.94,1358,63.1,18.70,73.6
1144,29,5.32,82.2,5.21,35.36,1456,62.0,17.50,72.5
1145,29,5.58,80.1,5.04,32.93,1411,63.6,20.25,67.9
1146,29,5.71,83.4,5.53,35.19,1386,57.7,22.83,59.1
1147,29,6.02,82.7,5.30,34.63,1440,60.5,21.85,56.3
1148,29,5.93,88.7,5.44,36.54,1409,57.1,22.90,51.9
1149,29,5.78,83.9,5.39,32.62,1405,60.6,23.10,54.8
1150,29,5.60,83.6,5.35,35.77,1442,58.2,24.32,50.0
1151,29,5.80,83.6,5.65,35.23,1426,58.3,29.44,37.9
1152,29,5.80,82.5,5.37,33.71,1410,59.0,22.66,38.4
1153,29,5.77,86.0,5.49,34.17,1396,53.8,29.41,28.6
1154,29,5.91,87.7,5.73,36.70,1418,59.1,34.36,28.5
1155,29,6.23,85.4,5.80,33.71,1400,54.1,34.19,19.8
1156,29,6.08,83.0,5.82,34.76,1387,59.5,29.37,24.7
1157,29,6.01,86.2,6.05,32.66,1464,57.4,34.13,14.4
1158,29,6.36,82.9,6.53,34.76,1425,51.0,27.85,9.9
1159,29,5.84,88.1,6.16,33.51,1416,55.0,35.87,4.5
1160,29,6.35,86.2,5.95,39.13,1429,56.8,31.12,4.0
1161,30,1.80,60.5,7.84,18.53,1372,90.0,1.90,349.8
1162,30,2.64,59.2,7.65,20.70,1424,87.1,1.75,342.1
1163,30,2.67,60.0,4.31,19.04,1394,90.0,1.86,328.7
1164,30,2.42,65.3,4.53,17.90,1355,82.9,2.31,320.6
1165,30,2.61,63.1,4.31,18.33,1411,87.6,2.30,313.7
1166,30,3.07,62.5,7.69,16.02,1422,84.9,2.45,305.5
1167,30,3.05,66.4,4.36,18.83,1388,79.7,2.85,293.4
1168,30,3.03,68.1,4.39,17.67,1319,86.1,2.61,282.9
1169,30,3.24,65.5,7.66,23.45,1429,83.3,2.76,282.2
1170,30,2.85,64.8,4.53,17.70,1403,82.8,3.69,269.7
1171,30,2.89,70.7,4.74,20.55,1325,76.8,3.28,264.5
1172,30,3.39,65.9,4.38,21.42,1362,77.9,4.01,256.3
1173,30,3.45,72.8,7.33,21.93,1447,76.6,4.13,244.6
1174,30,3.78,68.7,7.37,19.03,1378,79.1,4.23,236.6
1175,30,3.91,65.6,7.35,21.79,1380,77.9,4.72,226.2
1176,30,3.58,68.7,4.75,21.79,1463,75.2,4.77,217.0
1177,30,3.53,71.3,4.83,20.50,1409,73.4,5.66,205.8
1178,30,3.99,73.1,4.34,25.09,1474,74.1,6.81,196.6
1179,30,4.18,73.7,4.67,22.03,1424,72.2,5.15,192.2
1180,30,4.04,74.1,4.77,20.14,1398,69.9,5.64,180.7
1181,30,4.42,72.7,7.19,22.62,1383,72.8,6.90,176.2
1182,30,4.14,73.6,4.60,22.80,1406,71.9,9.87,162.0
1183,30,4.42,75.1,6.91,23.62,1379,71.5,8.62,148.9
1184,30,4.68,77.4,4.79,22.74,1370,69.8,9.63,143.5
1185,30,4.46,75.8,4.78,21.90,1368,69.2,10.59,136.0
1186,30,4.88,75.9,4.60,23.15,1403,66.2,10.35,121.2
1187,30,4.83,78.7,5.02,27.01,1331,66.8,12.68,115.2
1188,30,5.11,76.1,5.11,22.78,1355,63.8,11.78,112.6
1189,30,4.55,77.1,5.03,23.77,1438,63.7,12.78,107.0
1190,30,4.81,77.3,5.09,23.30,1378,66.0,14.17,95.7
1191,30,5.64,78.2,4.97,23.95,1401,64.8,14.25,84.3
1192,30,5.61,80.3,5.36,24.34,1432,59.5,16.27,70.5
1193,30,5.14,83.4,5.18,25.48,1412,61.0,19.98,66.6
1194,30,5.57,81.6,5.41,23.22,1410,59.1,16.00,54.1
1195,30,5.67,83.8,5.38,26.07,1452,57.0,19.38,49.2
1196,30,5.57,87.2,5.42,25.28,1394,59.9,19.53,45.0
1197,30,5.76,84.4,5.59,27.98,1347,55.1,25.32,30.6
1198,30,5.79,81.5,5.68,25.81,1344,53.5,21.74,17.7
1199,30,6.06,87.8,6.39,25.56,1356,53.8,25.74,13.4
1200,30,6.14,85.0,5.85,27.54,1404,57.3,35.81,6.5
1201,31,2.15,53.1,4.05,26.11,1385,97.0,1.57,396.6
1202,31,1.82,54.2,4.34,28.05,1450,95.1,1.14,394.5
1203,31,2.22,56.4,7.76,29.05,1376,95.8,1.67,375.1
1204,31,2.28,61.3,4.38,23.12,1463,93.1,1.68,365.0
1205,31,2.47,54.5,7.88,26.16,1423,95.0,1.77,364.0
1206,31,2.20,58.6,4.43,27.23,1346,89.0,1.73,350.2
1207,31,2.22,61.1,7.75,28.15,1427,89.3,1.93,338.0
1208,31,2.99,57.7,7.72,26.85,1366,91.7,2.72,324.2
1209,31,3.00,61.0,7.67,29.36,1434,83.9,2.45,319.7
1210,31,3.22,64.6,4.42,28.61,1443,87.4,2.47,304.8
1211,31,2.84,63.0,4.57,29.04,1468,85.1,3.34,296.8
1212,31,3.38,64.4,7.39,27.79,1406,84.0,2.59,278.6
1213,31,3.32,67.3,4.30,29.52,1467,79.6,3.35,270.9
1214,31,3.36,67.3,7.47,26.59,1329,81.6,3.97,265.3
1215,31,3.41,68.3,7.56,28.81,1433,83.2,4.56,254.0
1216,31,3.31,71.1,7.51,27.29,1447,83.0,4.25,251.8
1217,31,3.46,68.1,4.47,27.04,1439,81.7,3.80,239.0
1218,31,3.77,72.4,7.46,30.29,1407,79.7,5.36,229.9
1219,31,3.93,71.0,4.72,29.41,1400,78.5,6.42,219.2
1220,31,4.19,68.0,7.35,28.36,1403,75.3,6.87,208.2
1221,31,4.29,68.6,4.73,29.03,1433,73.4,5.00,198.9
1222,31,4.02,74.0,7.34,28.76,1473,72.7,7.83,187.2
1223,31,4.72,73.1,4.33,28.72,1455,74.2,7.23,176.3
1224,31,4.14,72.6,4.87,29.53,1415,66.2,8.73,169.0
1225,31,4.65,75.4,7.05,30.26,1425,67.5,8.80,155.6
1226,31,4.58,76.7,4.57,30.64,1383,71.8,9.84,150.1
1227,31,4.57,72.7,7.12,29.02,1427,67.9,9.55,137.8
1228,31,4.40,77.9,4.84,32.87,1419,65.3,12.82,124.2
1229,31,4.80,77.8,4.80,35.89,1419,65.3,11.55,118.4
1230,31,4.72,76.7,5.15,33.09,1414,63.8,13.60,107.0
1231,31,5.14,81.0,5.28,31.34,1366,59.1,11.27,95.5
1232,31,5.01,79.7,7.02,34.37,1428,63.4,15.19,86.6
1233,31,5.48,80.2,5.07,33.43,1375,62.5,16.35,80.4
1234,31,5.40,84.4,5.09,31.04,1440,61.3,16.06,69.1
1235,31,5.64,82.3,5.26,32.49,1414,60.1,17.98,54.2
1236,31,5.41,82.9,5.48,31.03,1360,57.1,25.67,40.8
1237,31,5.89,83.4,5.35,32.71,1366,59.6,23.43,33.7
1238,31,5.69,84.8,5.24,32.19,1463,58.7,31.33,28.2
1239,31,6.27,84.6,6.49,35.41,1421,54.9,28.11,16.1
1240,31,6.03,90.8,5.93,35.45,1377,55.8,25.82,4.0
1241,32,2.46,59.7,4.37,29.60,1519,88.5,1.99,329.1
1242,32,2.97,62.4,4.52,26.47,1490,87.6,2.28,315.8
1243,32,2.85,64.8,4.43,28.30,1537,83.6,2.48,313.9
1244,32,2.85,61.4,4.40,27.07,1455,84.5,2.55,308.7
1245,32,3.06,60.5,4.55,30.50,1450,82.8,2.88,292.6
1246,32,3.09,62.9,7.68,28.39,1496,82.8,2.92,290.6
1247,32,3.06,67.1,7.36,28.46,1496,84.2,3.78,276.2
1248,32,3.04,62.9,4.38,26.38,1526,83.6,3.65,278.2
1249,32,3.27,68.4,4.42,29.78,1528,80.9,4.06,261.3
1250,32,3.25,67.8,4.40,25.03,1448,79.6,4.49,250.0
1251,32,3.37,65.7,7.47,30.05,1533,79.2,4.25,246.2
1252,32,3.49,69.1,7.54,31.41,1541,79.3,4.84,238.2
1253,32,3.81,67.7,7.35,30.49,1591,73.6,4.19,228.2
1254,32,3.87,69.2,7.40,26.74,1531,77.8,4.88,215.5
1255,32,4.06,73.3,4.49,29.94,1469,77.0,5.91,214.3
1256,32,4.07,70.4,4.62,30.88,1504,74.7,5.42,206.1
1257,32,4.16,72.0,7.26,33.80,1528,76.8,4.90,194.1
1258,32,4.15,71.2,7.22,31.61,1569,76.4,7.67,184.8
1259,32,4.12,74.4,7.12,30.83,1496,67.9,8.51,180.5
1260,32,4.07,75.6,4.71,34.04,1505,71.1,6.98,172.2
1261,32,4.45,75.1,4.72,34.50,1484,70.4,7.56,161.3
1262,32,4.56,73.5,4.76,34.84,1509,69.1,9.89,150.8
1263,32,4.53,74.3,4.61,30.57,1502,69.4,9.94,142.9
1264,32,4.48,73.2,4.86,34.41,1477,67.1,10.87,128.8
1265,32,4.94,76.1,4.54,35.19,1498,71.3,11.16,125.9
1266,32,4.68,76.5,4.87,34.13,1525,67.3,12.74,117.6
1267,32,5.06,81.0,4.82,32.53,1519,65.6,12.77,112.2
1268,32,5.30,77.8,5.10,31.78,1500,63.9,10.65,98.5
1269,32,4.87,79.0,5.11,34.15,1523,63.8,12.78,96.9
1270,32,4.97,81.1,4.87,34.51,1497,65.0,16.22,88.2
1271,32,5.01,78.4,5.17,33.84,1512,62.3,16.22,73.9
1272,32,5.66,80.4,5.23,33.52,1518,63.0,18.18,63.5
1273,32,5.29,81.8,5.34,30.40,1471,61.5,19.21,66.4
1274,32,5.19,79.9,5.14,35.73,1538,59.5,15.10,60.1
1275,32,5.71,84.0,5.61,33.20,1482,55.9,22.05,40.9
1276,32,5.90,80.5,5.47,32.73,1487,56.6,22.81,32.2
1277,32,5.86,84.0,5.66,34.44,1491,56.7,30.41,27.9
1278,32,6.17,81.1,6.70,35.34,1544,59.0,34.79,16.0
1279,32,6.04,84.1,5.70,36.10,1503,51.7,30.68,9.5
1280,32,6.12,86.6,5.74,34.16,1483,54.2,24.16,4.0
1281,33,2.91,66.9,4.55,25.84,1408,78.8,4.14,248.9
1282,33,3.81,65.1,4.40,26.28,1425,79.1,4.51,236.6
1283,33,3.49,67.6,7.36,28.97,1487,76.2,4.10,230.3
1284,33,3.86,69.4,7.34,25.45,1408,75.3,4.80,223.0
1285,33,3.77,68.8,7.23,27.89,1412,76.7,4.84,220.4
1286,33,4.21,65.8,4.53,27.39,1365,73.0,5.77,210.4
1287,33,4.33,72.1,4.62,25.71,1407,74.0,4.70,202.4
1288,33,3.76,71.5,7.41,24.35,1322,72.3,5.99,203.8
1289,33,4.36,75.6,4.46,25.03,1428,72.8,5.86,190.8
1290,33,4.22,73.2,4.31,26.99,1418,74.3,7.02,187.2
1291,33,4.36,70.8,7.18,31.75,1400,73.4,7.56,180.1
1292,33,4.09,76.6,4.78,28.03,1435,71.2,7.39,174.0
1293,33,4.18,71.0,4.48,28.71,1415,69.0,5.85,173.0
1294,33,4.47,74.3,4.67,30.61,1435,70.7,7.45,161.2
1295,33,4.74,73.0,4.81,27.32,1409,70.9,8.48,158.8
1296,33,4.77,73.3,4.69,30.60,1367,70.7,8.73,151.0
1297,33,4.74,78.0,4.76,30.43,1349,66.9,9.37,138.2
1298,33,4.81,75.8,4.81,31.25,1407,66.1,10.36,138.7
1299,33,4.66,72.5,4.80,29.31,1406,69.5,10.38,135.0
1300,33,4.97,81.3,7.16,29.99,1390,62.2,10.29,123.1
1301,33,4.63,78.8,7.10,29.24,1373,67.1,10.40,116.5
1302,33,5.24,76.1,4.97,29.47,1474,64.0,14.42,112.2
1303,33,4.81,76.2,4.78,30.24,1420,63.7,12.36,110.8
1304,33,5.10,80.8,5.04,30.32,1411,62.9,13.59,103.5
1305,33,5.28,72.5,5.16,29.15,1386,62.4,12.41,96.4
1306,33,5.47,80.4,4.88,31.66,1504,61.0,16.48,83.8
1307,33,5.13,77.9,6.81,30.44,1397,59.2,17.15,81.8
1308,33,5.26,80.8,5.29,30.25,1472,60.7,14.74,71.7
1309,33,5.56,80.9,5.23,31.29,1412,61.4,16.58,68.7
1310,33,5.65,80.6,5.50,29.47,1417,57.7,19.83,64.4
1311,33,5.79,81.0,5.18,31.35,1387,58.5,17.12,54.0
1312,33,5.62,80.4,5.43,28.63,1405,58.5,18.32,52.9
1313,33,5.77,80.0,5.26,29.70,1370,59.4,17.18,47.4
1314,33,5.36,83.0,5.48,32.98,1400,59.4,19.70,44.9
1315,33,5.93,80.9,5.52,30.82,1440,57.1,21.47,37.7
1316,33,5.77,84.2,5.85,30.16,1412,55.8,23.99,20.2
1317,33,6.00,83.2,5.66,30.18,1405,54.4,21.63,20.5
1318,33,5.89,88.7,5.49,29.89,1390,55.2,24.82,14.5
1319,33,5.99,89.4,5.92,29.58,1358,54.3,31.95,7.5
1320,33,6.09,85.9,6.11,31.61,1416,50.1,33.43,4.0
1321,34,4.40,74.9,4.97,26.81,1497,66.2,11.67,144.3
1322,34,4.76,77.1,7.16,23.28,1421,66.0,10.36,136.7
1323,34,4.66,75.6,4.60,25.79,1437,75.2,8.78,140.3
1324,34,5.05,76.6,7.02,22.32,1408,68.4,10.55,129.1
1325,34,4.53,78.5,4.73,21.48,1390,69.8,13.56,128.8
1326,34,4.90,75.8,4.76,22.27,1476,69.0,9.68,125.4
1327,34,4.96,77.0,4.65,24.32,1404,69.0,11.02,124.6
1328,34,4.90,75.4,4.88,27.18,1434,66.6,11.94,114.5
1329,34,4.99,80.0,4.84,26.73,1452,66.2,10.51,114.7
1330,34,4.98,80.8,4.85,24.76,1433,63.9,11.37,108.1
1331,34,5.40,81.9,5.26,23.76,1439,62.9,17.32,105.4
1332,34,4.96,82.0,5.00,22.78,1396,68.6,12.32,103.0
1333,34,5.05,77.0,5.14,23.46,1411,62.3,12.48,100.7
1334,34,5.07,79.0,5.00,21.51,1403,65.4,13.21,100.7
1335,34,4.79,83.0,5.05,21.79,1489,62.4,16.68,89.2
1336,34,5.13,79.0,4.92,23.09,1445,61.5,15.88,91.6
1337,34,5.08,81.2,5.28,25.56,1409,62.8,12.92,84.3
1338,34,5.41,81.5,5.04,24.83,1383,64.7,13.12,83.1
1339,34,5.49,84.3,5.17,25.65,1462,60.4,14.87,73.2
1340,34,5.29,79.0,5.17,26.15,1425,62.9,12.22,77.3
1341,34,5.69,81.5,5.58,26.08,1472,60.2,17.64,71.2
1342,34,5.42,86.5,5.18,24.32,1462,63.5,19.79,67.2
1343,34,5.33,81.2,5.19,24.72,1372,61.5,14.99,63.7
1344,34,5.46,84.9,5.44,23.89,1454,56.9,20.20,53.3
1345,34,5.68,81.3,5.34,26.47,1439,62.1,16.51,55.0
1346,34,5.73,82.6,5.34,26.68,1463,62.0,22.97,55.3
1347,34,5.35,78.7,5.47,24.69,1412,60.4,19.40,47.8
1348,34,5.66,82.7,5.43,24.64,1475,59.1,27.31,45.3
1349,34,5.78,86.0,5.33,25.05,1422,57.1,23.85,40.5
1350,34,5.69,86.6,5.32,27.85,1437,58.8,21.32,36.3
1351,34,5.64,84.0,5.57,27.01,1443,61.0,26.41,37.9
1352,34,5.86,84.0,5.69,26.48,1446,54.3,23.19,27.1
1353,34,5.81,87.8,5.63,25.51,1433,58.4,28.91,27.3
1354,34,5.72,91.3,5.49,25.55,1469,56.3,23.04,21.7
1355,34,5.95,83.5,5.91,29.44,1497,56.2,25.69,19.0
1356,34,5.77,84.3,5.75,26.34,1461,55.8,24.99,14.1
1357,34,6.28,85.8,6.14,27.40,1405,55.5,34.25,6.2
1358,34,6.27,86.0,5.76,24.34,1423,53.3,24.18,15.4
1359,34,5.86,83.9,6.56,29.40,1483,53.5,26.67,8.0
1360,34,5.72,87.6,5.86,26.49,1415,53.6,29.65,4.0
1361,35,4.33,80.1,4.94,32.20,1429,64.7,9.54,135.0
1362,35,4.64,77.2,7.02,30.23,1415,66.6,10.61,128.3
1363,35,4.83,77.1,4.78,28.34,1423,62.3,9.68,131.8
1364,35,5.12,82.8,4.90,29.46,1436,68.1,12.34,128.3
1365,35,4.71,79.0,6.97,31.54,1482,65.4,8.77,124.3
1366,35,4.86,83.9,5.06,29.15,1433,64.1,10.65,115.6
1367,35,4.89,77.2,5.06,30.04,1462,68.7,13.31,111.7
1368,35,4.94,83.7,5.00,30.43,1417,65.9,9.95,110.7
1369,35,4.99,80.4,5.08,28.22,1420,64.8,12.68,105.4
1370,35,4.69,82.3,4.95,29.37,1474,65.2,11.95,101.6
1371,35,4.64,80.8,5.01,30.82,1413,64.4,16.30,104.3
1372,35,5.04,82.1,5.09,32.05,1406,58.9,14.41,97.7
1373,35,5.34,83.7,4.99,29.52,1478,65.2,10.93,93.8
1374,35,4.92,80.7,5.14,28.55,1410,60.5,17.26,91.5
1375,35,5.12,85.9,5.04,29.63,1393,61.7,14.86,82.8
1376,35,5.44,86.0,5.10,28.54,1462,59.5,13.13,81.2
1377,35,4.97,85.2,4.98,31.69,1401,62.9,15.62,77.9
1378,35,5.49,84.3,5.17,29.84,1400,65.8,15.60,77.8
1379,35,5.05,87.3,5.15,27.63,1379,60.9,16.38,79.0
1380,35,5.08,85.7,5.20,27.25,1455,59.8,13.00,67.1
1381,35,5.39,85.4,5.42,28.24,1364,57.8,19.77,66.7
1382,35,5.31,86.5,5.04,32.89,1438,62.3,16.26,64.7
1383,35,5.59,85.7,5.32,32.44,1451,61.7,23.90,53.6
1384,35,5.02,82.7,5.42,28.60,1344,60.9,23.13,60.4
1385,35,5.47,81.6,5.44,29.95,1373,58.5,19.31,49.6
1386,35,5.47,85.2,5.24,32.12,1475,58.9,21.71,47.5
1387,35,5.77,87.9,5.17,31.89,1443,59.5,18.35,47.6
1388,35,5.53,88.4,5.30,31.81,1404,57.8,16.40,44.8
1389,35,5.57,84.5,5.48,32.92,1380,53.1,22.79,36.6
1390,35,5.44,87.1,5.68,30.65,1381,56.6,23.98,30.5
1391,35,5.23,88.5,5.55,30.79,1455,55.3,21.32,35.2
1392,35,5.32,87.6,5.76,29.25,1419,55.7,24.34,33.1
1393,35,5.81,89.2,5.80,33.52,1401,53.7,25.77,23.7
1394,35,6.06,84.4,5.69,28.48,1450,53.5,21.99,27.4
1395,35,5.26,87.7,5.43,28.95,1411,58.5,23.19,24.0
1396,35,5.65,86.7,5.85,30.64,1388,57.3,25.69,17.0
1397,35,6.08,85.4,5.48,28.85,1425,56.6,23.50,13.9
1398,35,5.85,85.9,5.79,30.03,1389,55.0,26.40,11.2
1399,35,5.90,87.0,5.96,28.82,1468,54.4,25.89,4.0
1400,35,5.63,88.6,5.84,29.89,1381,53.8,27.67,5.4
1401,36,1.20,54.5,4.24,21.37,1513,98.8,0.66,437.2
1402,36,1.39,55.1,4.11,19.92,1529,100.3,0.83,434.3
1403,36,1.48,56.1,4.23,19.42,1480,101.5,1.20,423.7
1404,36,1.93,59.2,4.07,22.10,1499,99.4,1.40,412.2
1405,36,1.84,62.2,4.27,18.45,1510,93.4,1.43,403.1
1406,36,2.01,58.9,4.01,18.92,1506,98.3,1.30,389.3
1407,36,2.20,60.8,8.08,20.42,1518,93.9,1.30,376.3
1408,36,2.35,63.5,7.77,23.81,1474,94.0,1.41,367.3
1409,36,2.50,61.2,7.80,20.33,1531,89.2,2.12,359.9
1410,36,2.25,59.5,4.41,22.66,1517,90.9,1.71,345.4
1411,36,2.13,60.5,7.78,22.46,1429,96.1,2.14,332.1
1412,36,2.44,64.4,4.24,24.09,1513,87.1,2.51,318.8
1413,36,2.86,65.4,4.54,21.39,1461,85.9,2.05,312.4
1414,36,2.97,62.9,7.51,23.18,1530,85.5,2.95,297.6
1415,36,3.08,67.6,7.58,23.27,1481,84.8,3.03,284.0
1416,36,3.08,71.8,7.51,22.02,1556,81.7,3.14,273.6
1417,36,3.40,70.7,4.79,21.98,1483,81.8,3.97,257.6
1418,36,3.61,71.5,7.68,27.55,1533,80.2,3.67,253.9
1419,36,3.09,68.7,4.30,25.46,1525,79.3,4.51,244.4
1420,36,3.49,71.0,4.61,25.22,1523,80.1,5.02,227.8
1421,36,3.59,74.0,7.00,25.48,1467,79.4,4.69,217.2
1422,36,3.69,75.1,7.17,23.50,1505,81.5,6.19,205.4
1423,36,3.90,71.8,4.49,23.11,1482,75.8,5.69,198.4
1424,36,4.07,75.8,4.64,24.60,1501,77.2,6.39,182.1
1425,36,3.98,78.0,7.35,25.76,1511,71.2,6.13,174.5
1426,36,4.03,77.7,4.69,24.07,1451,72.2,9.35,164.7
1427,36,4.66,78.5,4.70,25.84,1494,67.9,9.65,151.2
1428,36,4.61,81.9,4.85,25.38,1485,69.4,10.55,138.5
1429,36,4.87,81.6,4.76,25.36,1486,71.5,8.62,132.7
1430,36,4.87,79.4,4.71,27.63,1429,70.9,10.88,120.3
1431,36,5.05,82.9,5.00,22.19,1531,67.2,15.76,110.2
1432,36,5.17,83.4,5.13,30.03,1474,65.0,13.76,97.1
1433,36,5.25,82.0,4.89,25.28,1509,62.4,15.07,83.2
1434,36,5.12,84.4,5.41,24.61,1471,62.2,19.52,78.0
1435,36,5.68,88.8,5.38,29.75,1462,61.1,17.47,60.0
1436,36,5.20,86.6,5.27,24.17,1481,61.4,15.34,54.3
1437,36,5.78,89.1,5.41,26.22,1495,59.4,22.45,41.0
1438,36,5.89,85.9,5.67,31.84,1534,56.0,26.30,21.7
1439,36,5.78,87.4,5.60,30.88,1418,56.5,26.03,22.0
1440,36,5.84,89.2,5.85,26.70,1456,52.2,22.50,9.7
1441,37,2.68,63.3,4.36,26.05,1454,86.6,3.24,302.6
1442,37,3.00,65.5,7.60,26.55,1496,83.1,3.18,292.9
1443,37,3.36,65.6,7.79,29.73,1425,84.9,3.90,286.9
1444,37,3.09,63.3,4.20,26.01,1423,85.1,2.86,284.1
1445,37,3.01,64.7,7.41,25.55,1356,83.0,3.80,272.2
1446,37,3.44,66.7,7.35,27.54,1419,81.9,3.38,264.6
1447,37,3.42,70.2,7.35,27.42,1485,79.6,4.52,259.8
1448,37,3.71,68.4,4.48,27.75,1476,77.4,4.64,248.8
1449,37,3.51,68.4,4.35,30.15,1435,79.9,4.92,237.0
1450,37,3.73,66.0,7.48,27.28,1382,80.3,5.48,231.3
1451,37,3.77,68.9,4.80,29.61,1465,76.5,4.63,225.2
1452,37,3.31,68.0,4.76,27.50,1438,77.1,4.63,220.8
1453,37,3.75,69.5,4.46,27.82,1408,79.2,6.16,211.5
1454,37,3.68,72.7,7.36,28.85,1432,74.9,6.70,197.5
1455,37,3.94,73.1,7.24,30.47,1472,73.5,5.38,195.9
1456,37,4.06,69.7,7.22,30.80,1485,76.8,7.47,191.9
1457,37,4.40,68.5,7.01,31.48,1435,73.2,6.50,175.7
1458,37,3.87,72.1,4.65,29.04,1443,72.0,9.10,172.5
1459,37,4.55,68.9,4.58,35.01,1478,69.9,8.01,162.6
1460,37,4.68,73.4,4.86,33.00,1457,68.4,9.34,155.0
1461,37,4.36,72.0,4.61,32.27,1475,69.8,10.51,148.1
1462,37,4.60,76.9,4.72,35.13,1482,69.7,9.96,141.3
1463,37,4.75,76.0,6.92,29.58,1468,67.2,9.73,130.6
1464,37,5.25,78.4,5.11,33.81,1514,67.8,14.30,126.2
1465,37,4.62,72.9,4.89,30.42,1484,66.7,12.88,119.8
1466,37,5.06,76.2,4.88,35.38,1486,67.2,9.97,114.5
1467,37,4.90,80.8,5.25,32.19,1457,62.2,11.75,103.0
1468,37,4.81,77.2,5.08,30.82,1477,67.2,12.71,101.0
1469,37,4.80,78.9,4.94,32.08,1463,63.2,14.58,90.6
1470,37,5.33,77.2,5.12,32.61,1418,60.7,15.84,77.7
1471,37,5.31,78.4,5.16,33.83,1447,62.0,15.28,71.8
1472,37,5.64,81.0,5.18,34.29,1455,61.0,21.38,60.5
1473,37,5.34,81.3,5.47,31.62,1427,57.7,18.42,57.4
1474,37,5.27,83.4,5.44,30.43,1512,57.4,20.66,45.9
1475,37,5.56,84.3,5.37,31.52,1484,56.5,16.94,44.2
1476,37,5.86,83.5,5.55,33.20,1429,60.1,19.06,34.3
1477,37,5.75,82.3,5.45,32.92,1428,59.1,23.86,26.8
1478,37,5.97,84.5,5.71,34.72,1495,53.3,27.78,19.2
1479,37,5.91,84.7,5.84,35.96,1488,59.8,25.33,4.0
1480,37,5.58,86.1,6.00,34.38,1465,53.4,24.03,5.0
1481,38,3.48,71.2,7.42,31.17,1552,80.3,4.85,252.9
1482,38,3.30,69.9,7.34,26.66,1470,79.6,4.97,244.3
1483,38,3.43,70.9,7.54,24.61,1493,77.3,4.69,242.1
1484,38,3.55,70.5,4.47,27.13,1527,80.1,5.30,230.1
1485,38,3.47,70.8,7.15,27.98,1459,79.4,5.22,226.8
1486,38,3.77,71.4,4.48,24.71,1463,79.2,5.18,224.6
1487,38,3.75,68.8,7.45,27.57,1491,75.1,5.34,211.6
1488,38,3.56,74.2,4.52,25.61,1441,79.7,7.06,211.6
1489,38,3.98,74.4,4.46,28.94,1478,77.7,7.47,203.4
1490,38,4.14,74.0,4.81,26.99,1496,76.2,6.51,192.1
1491,38,4.05,74.4,7.15,29.32,1480,70.3,7.22,187.8
1492,38,4.39,73.9,4.81,28.84,1516,73.6,7.54,182.3
1493,38,4.60,77.9,4.83,28.66,1478,73.9,8.12,176.3
1494,38,4.27,74.9,4.60,30.23,1465,74.9,9.01,168.6
1495,38,4.12,73.8,4.58,30.34,1492,70.4,7.85,169.3
1496,38,4.33,74.0,4.69,27.38,1472,68.7,6.84,160.1
1497,38,4.65,77.6,4.67,28.12,1482,69.8,7.67,148.2
1498,38,4.67,77.4,4.77,31.38,1551,68.3,9.56,141.2
1499,38,4.69,77.0,4.74,30.54,1467,67.8,9.12,130.2
1500,38,4.76,79.6,7.09,28.67,1497,64.6,12.16,127.8
1501,38,4.74,80.8,7.06,30.77,1461,65.4,12.53,126.8
1502,38,4.77,74.5,5.06,30.91,1473,64.3,12.54,117.0
1503,38,4.88,76.5,5.09,29.06,1535,62.6,14.15,111.3
1504,38,5.11,80.4,4.85,29.96,1430,64.3,12.40,103.2
1505,38,4.73,76.2,5.20,27.44,1479,67.5,12.45,102.0
1506,38,5.11,81.0,5.10,30.55,1427,59.0,11.89,93.1
1507,38,5.56,82.0,5.09,30.69,1517,69.3,12.90,87.0
1508,38,5.13,82.0,5.04,30.62,1509,62.5,15.67,77.0
1509,38,5.15,84.6,5.18,28.16,1472,60.6,14.60,73.9
1510,38,5.42,81.9,5.20,30.61,1440,63.0,13.29,67.1
1511,38,4.77,85.0,5.21,32.49,1507,61.2,22.96,56.2
1512,38,5.25,85.8,5.38,30.24,1507,63.0,19.69,57.8
1513,38,5.54,85.9,5.37,34.21,1552,56.9,21.06,47.1
1514,38,6.11,85.6,5.39,28.35,1521,54.5,26.53,39.9
1515,38,5.61,86.7,5.35,32.47,1487,60.5,21.90,34.7
1516,38,5.85,87.0,5.66,29.47,1498,54.2,27.60,29.2
1517,38,5.54,84.5,5.82,29.77,1502,57.0,25.42,23.0
1518,38,5.69,86.3,5.69,32.89,1505,54.9,28.35,14.9
1519,38,6.34,85.7,6.10,29.69,1467,55.3,31.54,9.5
1520,38,6.21,86.5,5.97,32.88,1534,53.5,25.96,4.0
1521,39,3.07,71.7,4.42,23.84,1503,82.1,3.88,290.0
1522,39,2.81,70.0,7.61,28.98,1472,81.2,3.04,281.3
1523,39,3.19,68.3,7.78,27.57,1499,83.8,3.77,275.3
1524,39,3.13,68.7,7.47,27.46,1520,81.4,3.26,272.0
1525,39,3.42,72.5,7.45,28.48,1449,83.9,4.34,260.5
1526,39,2.96,68.7,7.56,25.25,1419,79.5,4.26,257.5
1527,39,3.33,68.0,7.41,27.11,1509,81.4,4.35,246.6
1528,39,3.38,72.5,4.53,27.33,1531,78.1,4.45,238.0
1529,39,3.27,67.7,4.60,25.55,1441,78.0,4.47,232.9
1530,39,3.86,69.8,4.64,29.19,1481,76.0,5.52,226.4
1531,39,3.65,73.7,4.59,26.87,1516,74.1,4.39,215.7
1532,39,3.62,69.8,7.38,27.80,1443,78.0,5.56,210.4
1533,39,3.84,74.9,4.58,27.14,1499,74.8,6.30,199.7
1534,39,4.04,71.7,4.64,28.99,1505,75.8,5.38,196.7
1535,39,4.58,75.8,4.47,30.84,1491,72.7,8.42,182.5
1536,39,4.66,79.5,6.97,28.96,1472,74.0,8.46,181.3
1537,39,3.92,79.0,7.24,28.35,1484,71.4,6.53,170.4
1538,39,3.88,78.4,7.25,27.68,1434,70.5,10.45,161.3
1539,39,4.24,78.8,4.71,31.10,1524,69.7,7.86,161.0
1540,39,4.21,78.7,4.67,31.17,1469,69.2,11.19,145.0
1541,39,4.32,79.9,4.88,30.46,1457,62.9,9.28,143.2
1542,39,4.51,81.8,5.06,28.54,1483,67.0,9.36,128.2
1543,39,4.69,81.4,6.95,29.09,1479,66.7,10.47,128.0
1544,39,4.78,78.6,4.95,28.69,1477,70.1,10.68,121.3
1545,39,4.89,78.8,4.77,28.78,1540,66.8,15.02,116.1
1546,39,4.85,79.2,5.01,30.83,1472,67.4,12.65,110.2
1547,39,5.25,80.4,4.81,29.07,1512,65.0,14.94,94.5
1548,39,5.24,85.8,5.27,30.56,1472,62.4,15.40,94.8
1549,39,4.94,82.2,4.98,29.01,1507,64.5,15.33,85.9
1550,39,5.36,86.5,5.03,31.97,1443,62.5,17.53,71.3
1551,39,5.57,84.1,5.09,29.13,1468,63.3,16.42,71.7
1552,39,5.41,88.9,5.14,29.40,1463,57.5,18.17,68.0
1553,39,5.48,84.1,5.36,30.22,1533,58.4,21.66,58.3
1554,39,5.57,89.1,5.50,31.25,1454,58.2,21.71,45.9
1555,39,5.56,86.5,5.29,27.97,1510,58.2,26.14,39.8
1556,39,5.87,88.5,5.50,33.19,1534,53.6,24.99,28.8
1557,39,5.35,88.1,5.55,29.35,1525,55.8,26.25,23.5
1558,39,6.04,90.3,5.61,30.10,1478,55.2,23.06,18.4
1559,39,5.82,87.5,5.82,33.60,1459,58.6,30.59,11.3
1560,39,5.98,90.1,6.21,30.66,1491,56.4,37.76,4.3
1561,40,2.86,64.4,7.56,22.95,1425,86.5,3.34,283.7
1562,40,3.37,67.6,7.53,22.85,1412,85.4,2.85,277.3
1563,40,3.33,71.9,4.37,20.35,1484,81.3,4.21,265.2
1564,40,2.92,68.3,7.51,20.31,1437,84.4,3.61,262.6
1565,40,3.76,69.0,7.68,20.74,1504,79.7,3.23,258.2
1566,40,3.40,64.4,4.58,17.55,1448,82.8,4.00,254.5
1567,40,3.44,66.1,7.27,23.07,1510,80.6,5.12,242.6
1568,40,3.85,69.4,7.54,20.00,1442,75.8,6.34,234.5
1569,40,3.56,69.4,7.08,24.00,1480,80.0,5.93,227.7
1570,40,3.48,68.7,7.53,21.09,1420,79.1,4.89,221.7
1571,40,3.96,73.7,4.50,20.92,1448,73.9,5.09,212.7
1572,40,3.70,70.5,4.52,23.61,1518,77.1,5.41,208.6
1573,40,4.30,70.6,7.20,22.01,1534,74.9,5.92,197.2
1574,40,4.41,71.0,4.58,21.73,1532,74.1,7.38,183.0
1575,40,4.28,74.9,7.43,19.08,1433,74.2,8.82,178.7
1576,40,4.43,78.3,4.76,24.00,1521,71.5,8.82,167.5
1577,40,4.11,70.6,4.67,20.71,1491,74.9,8.28,166.6
1578,40,4.66,74.5,4.65,24.63,1486,69.8,7.97,162.0
1579,40,4.43,71.0,7.19,22.36,1495,72.1,7.89,154.3
1580,40,4.49,75.8,5.09,23.13,1447,67.7,9.56,143.4
1581,40,4.32,74.1,4.59,23.91,1473,67.2,10.87,140.8
1582,40,5.05,76.7,4.68,25.32,1450,66.3,11.87,133.2
1583,40,4.88,76.4,7.03,25.75,1509,68.7,10.48,129.5
1584,40,5.37,77.4,4.80,26.94,1486,68.0,13.85,117.7
1585,40,5.04,80.2,4.98,24.52,1382,65.8,15.43,108.2
1586,40,5.16,79.6,5.09,26.84,1501,62.5,13.37,101.3
1587,40,5.35,79.0,4.85,25.61,1457,63.8,14.85,95.4
1588,40,5.23,76.8,5.20,24.79,1506,66.0,16.50,88.5
1589,40,5.40,84.2,4.97,22.62,1453,65.2,14.94,81.6
1590,40,5.42,79.5,5.13,25.66,1432,64.1,17.88,79.7
1591,40,5.61,84.3,5.39,26.20,1456,60.9,16.51,65.4
1592,40,5.42,81.4,5.37,24.72,1506,60.8,18.55,61.4
1593,40,5.38,82.6,5.22,26.48,1428,59.6,16.72,57.8
1594,40,5.45,89.3,5.29,26.13,1443,61.1,18.32,44.7
1595,40,5.71,83.3,5.45,24.85,1474,56.7,23.78,41.8
1596,40,5.74,81.9,5.59,26.38,1425,59.2,24.75,27.9
1597,40,6.06,83.9,5.62,22.84,1517,54.8,25.64,25.9
1598,40,5.94,89.0,5.48,25.54,1449,58.1,24.01,22.9
1599,40,5.98,87.9,5.73,29.34,1459,54.7,30.31,13.0
1600,40,6.38,85.7,6.04,25.28,1497,58.6,24.66,7.1
1601,41,1.78,55.9,4.34,22.12,1422,98.3,0.90,428.2
1602,41,1.79,53.7,4.02,24.38,1405,97.8,0.94,416.3
1603,41,1.76,53.4,4.43,20.68,1482,95.1,1.13,411.7
1604,41,1.83,52.3,4.27,25.95,1438,99.9,1.27,402.3
1605,41,1.63,57.1,4.49,24.51,1471,92.8,1.24,382.9
1606,41,1.99,55.8,4.28,26.15,1476,96.1,1.48,377.5
1607,41,2.04,58.8,7.94,24.72,1479,95.9,1.46,365.5
1608,41,2.43,59.1,4.09,28.59,1511,89.3,1.82,351.8
1609,41,1.98,64.5,4.19,27.98,1500,93.3,1.81,347.3
1610,41,2.63,61.7,7.75,26.79,1467,88.5,2.31,328.3
1611,41,2.40,62.6,4.39,22.08,1457,87.0,2.19,315.7
1612,41,3.01,65.2,7.84,26.36,1500,84.8,2.46,310.2
1613,41,3.33,66.7,7.38,26.16,1458,87.6,3.34,299.8
1614,41,3.11,64.8,4.25,28.83,1501,84.0,3.17,282.8
1615,41,3.34,64.0,4.49,27.70,1526,82.3,2.98,276.1
1616,41,3.17,65.6,7.32,26.33,1420,81.3,4.18,266.5
1617,41,3.57,66.1,4.61,26.63,1507,79.7,4.19,257.7
1618,41,3.91,68.8,7.48,27.98,1473,81.5,4.37,241.4
1619,41,4.10,67.1,7.33,29.41,1467,79.2,4.74,235.9
1620,41,3.70,72.2,7.39,29.27,1437,76.3,4.85,223.1
1621,41,3.82,71.4,7.43,29.93,1493,75.0,5.70,213.4
1622,41,3.89,70.5,7.24,31.59,1441,72.7,6.96,199.1
1623,41,3.86,69.8,7.11,30.71,1443,74.9,6.49,186.8
1624,41,4.06,72.0,4.69,28.96,1451,76.6,8.71,182.3
1625,41,4.23,73.9,4.78,29.39,1464,70.8,7.98,167.6
1626,41,4.75,77.1,4.77,28.69,1490,69.7,8.71,159.1
1627,41,4.33,75.0,4.57,33.42,1501,71.3,11.00,149.3
1628,41,4.92,76.4,4.72,28.74,1427,65.0,10.40,131.0
1629,41,4.81,86.7,6.94,29.21,1482,64.9,12.19,121.5
1630,41,4.93,76.2,4.85,30.19,1512,66.0,11.09,117.6
1631,41,5.19,73.7,5.18,29.09,1520,61.9,12.28,100.1
1632,41,5.04,79.5,4.93,27.85,1431,65.7,11.32,92.3
1633,41,4.85,80.1,5.11,31.22,1482,62.6,14.29,85.2
1634,41,5.47,82.8,5.09,30.12,1447,59.2,17.19,69.7
1635,41,5.56,82.1,4.90,31.56,1440,60.8,19.77,62.5
1636,41,5.63,86.8,5.23,33.51,1501,57.1,18.56,43.7
1637,41,5.60,88.2,5.36,31.24,1353,58.9,21.71,41.6
1638,41,5.75,83.7,5.32,33.32,1480,57.6,24.27,31.5
1639,41,5.79,88.4,5.64,32.62,1441,55.5,25.51,12.6
1640,41,6.33,86.9,5.63,29.03,1525,56.4,24.03,6.9
1641,42,1.99,53.0,4.09,25.76,1331,97.2,1.33,422.5
1642,42,1.83,56.4,4.26,27.79,1320,95.4,1.08,417.5
1643,42,1.64,55.9,4.33,21.67,1342,98.0,1.23,405.0
1644,42,2.00,59.8,4.27,25.96,1319,93.6,1.24,391.6
1645,42,1.73,60.2,4.26,26.05,1379,92.9,1.47,386.0
1646,42,2.28,57.0,4.48,25.36,1365,90.2,1.58,376.8
1647,42,2.08,61.0,4.24,26.25,1421,88.8,1.62,364.0
1648,42,2.71,55.8,4.22,30.27,1332,91.9,2.58,348.8
1649,42,2.75,62.1,7.68,26.38,1319,88.9,2.38,338.5
1650,42,2.54,61.1,4.12,28.55,1443,87.9,2.25,330.8
1651,42,2.57,60.3,4.32,28.95,1343,86.6,2.03,322.9
1652,42,2.90,63.9,7.67,28.59,1362,88.6,2.68,304.6
1653,42,2.85,64.7,4.52,27.26,1353,83.6,2.38,303.0
1654,42,2.88,64.8,4.17,30.57,1348,88.4,3.23,285.9
1655,42,3.09,66.4,4.39,28.41,1392,83.8,3.58,274.9
1656,42,2.84,66.0,4.54,28.10,1366,77.6,3.49,265.4
1657,42,3.52,71.0,4.48,27.79,1369,81.3,3.06,255.0
1658,42,3.62,67.2,4.38,30.59,1319,80.0,4.10,246.9
1659,42,3.28,67.8,7.46,31.68,1387,80.6,5.67,234.7
1660,42,3.74,71.2,7.40,29.35,1346,75.5,4.40,224.5
1661,42,4.13,70.8,7.16,28.60,1330,74.2,5.87,205.5
1662,42,3.78,70.5,7.24,29.92,1316,69.7,5.00,200.2
1663,42,4.32,75.2,4.71,29.12,1364,72.6,8.27,189.8
1664,42,4.27,73.1,7.01,30.28,1331,73.0,7.81,175.1
1665,42,4.38,74.7,4.54,30.55,1282,71.1,8.53,163.5
1666,42,3.90,75.5,7.00,31.88,1351,75.5,12.09,157.9
1667,42,4.11,73.7,4.71,31.61,1388,68.2,9.95,149.8
1668,42,4.62,78.2,4.55,32.12,1332,72.5,12.09,141.3
1669,42,5.06,74.9,4.65,30.47,1375,64.7,9.15,124.4
1670,42,5.17,76.3,4.97,32.13,1370,62.8,12.35,114.8
1671,42,4.64,78.9,5.03,33.40,1308,67.5,10.53,105.4
1672,42,4.91,82.5,5.14,31.50,1365,63.0,13.25,90.5
1673,42,5.25,80.7,5.09,29.26,1394,64.0,16.53,77.8
1674,42,5.26,83.5,5.04,31.41,1317,66.3,17.12,66.2
1675,42,5.23,84.3,5.21,31.35,1318,62.2,22.65,62.1
1676,42,5.75,84.4,5.32,35.31,1369,56.1,18.81,45.2
1677,42,5.93,82.6,5.34,32.85,1284,56.3,21.67,37.0
1678,42,5.79,83.5,5.66,31.65,1312,51.5,23.11,31.2
1679,42,5.91,87.3,5.68,35.39,1368,57.3,29.63,20.0
1680,42,6.12,92.2,5.85,35.45,1333,56.8,29.19,4.5
1681,43,2.08,59.5,4.32,26.15,1535,99.2,1.50,382.9
1682,43,1.88,54.8,7.91,28.13,1447,92.1,1.26,374.5
1683,43,1.66,58.0,4.24,23.21,1482,93.9,1.60,365.4
1684,43,2.09,59.4,7.87,25.68,1513,88.3,1.58,352.7
1685,43,2.74,63.3,7.85,26.53,1512,91.0,2.09,340.6
1686,43,2.36,58.0,4.31,24.50,1514,87.7,1.93,329.5
1687,43,2.36,61.7,7.74,26.14,1532,90.9,2.40,322.7
1688,43,3.00,68.4,8.01,26.28,1486,84.4,2.37,314.3
1689,43,2.78,67.0,4.23,25.59,1548,88.8,3.08,303.3
1690,43,3.03,64.7,7.68,28.67,1508,84.7,3.59,292.0
1691,43,3.12,63.6,4.44,27.07,1531,80.0,2.69,284.0
1692,43,3.23,64.6,4.48,30.50,1583,83.9,3.04,273.2
1693,43,2.92,65.6,7.62,26.83,1562,82.3,3.36,270.7
1694,43,3.65,66.6,7.48,28.24,1488,83.4,3.44,262.5
1695,43,3.58,67.7,4.35,24.82,1529,83.4,4.26,248.2
1696,43,3.45,70.8,7.44,27.49,1503,79.8,4.72,235.7
1697,43,3.60,72.2,4.55,26.82,1498,75.8,4.36,227.5
1698,43,3.74,71.2,7.22,25.61,1584,75.4,5.36,212.5
1699,43,3.81,72.8,4.63,28.05,1601,73.0,5.15,203.7
1700,43,3.75,73.7,7.15,28.95,1458,76.2,8.07,194.7
1701,43,4.10,71.0,4.57,27.86,1556,74.8,5.48,189.9
1702,43,3.96,74.0,4.72,27.31,1576,71.8,6.70,172.3
1703,43,4.29,72.1,4.73,31.09,1571,74.0,7.45,172.5
1704,43,4.27,75.5,4.78,30.37,1539,70.4,7.86,163.4
1705,43,4.63,75.9,4.90,32.64,1516,69.6,10.52,147.7
1706,43,4.23,79.2,4.88,29.13,1582,69.0,10.29,140.2
1707,43,4.64,77.8,4.69,31.90,1535,65.0,8.57,133.1
1708,43,5.18,73.2,4.81,30.48,1484,66.9,12.26,115.3
1709,43,4.98,80.6,4.60,28.50,1531,62.9,12.42,110.2
1710,43,4.59,81.2,4.86,29.63,1532,63.6,10.58,108.0
1711,43,5.07,77.7,5.03,28.68,1553,63.4,14.76,93.8
1712,43,5.12,77.4,4.88,31.34,1484,63.5,14.87,82.7
1713,43,5.45,83.0,5.15,31.21,1530,64.2,16.21,69.7
1714,43,5.62,82.4,5.05,32.71,1566,62.3,15.32,61.4
1715,43,5.31,81.8,5.46,32.37,1545,57.3,20.96,57.5
1716,43,5.46,78.8,5.30,33.23,1501,58.3,16.46,44.8
1717,43,5.78,87.8,5.37,29.44,1585,55.9,18.20,31.4
1718,43,5.87,82.9,5.43,33.25,1477,58.4,18.26,26.7
1719,43,5.83,87.3,5.70,34.17,1540,55.8,20.37,11.9
1720,43,6.03,83.9,5.76,31.73,1522,51.0,28.71,7.3
1721,44,1.27,48.0,4.42,18.86,1518,101.3,0.80,461.1
1722,44,1.55,53.2,4.15,21.05,1509,99.8,0.97,450.0
1723,44,1.58,54.6,4.47,23.35,1470,99.8,0.94,434.5
1724,44,1.62,51.4,4.31,23.90,1484,99.6,0.93,425.6
1725,44,2.30,53.9,4.22,21.72,1538,100.6,1.15,410.3
1726,44,1.79,54.7,4.15,19.43,1475,97.1,1.30,405.2
1727,44,2.39,54.9,4.33,18.86,1468,94.3,1.32,393.1
1728,44,2.12,59.2,4.45,21.71,1511,95.8,1.45,379.1
1729,44,2.19,57.4,4.39,21.78,1551,92.7,1.73,363.0
1730,44,2.65,61.4,7.68,23.38,1508,94.4,1.71,354.1
1731,44,2.80,61.1,7.92,20.61,1482,90.0,2.10,342.2
1732,44,2.55,60.5,4.26,23.97,1534,90.4,2.26,338.6
1733,44,2.84,60.6,4.47,24.37,1572,90.4,1.84,319.4
1734,44,3.07,65.0,7.95,26.93,1471,86.7,2.57,313.8
1735,44,3.09,63.0,4.01,22.00,1549,89.7,2.76,299.0
1736,44,3.35,62.4,4.33,24.82,1537,84.4,2.85,290.0
1737,44,3.38,63.8,4.42,26.10,1522,81.3,3.03,270.6
1738,44,3.43,67.2,4.30,22.08,1473,79.1,3.68,259.5
1739,44,3.34,67.8,7.36,23.81,1517,79.6,4.74,247.2
1740,44,3.76,71.4,4.42,21.90,1476,80.6,4.22,242.8
1741,44,3.60,73.5,4.48,28.92,1512,81.0,3.91,230.7
1742,44,3.71,71.4,4.68,27.14,1541,77.5,5.63,217.4
1743,44,4.24,69.2,7.25,27.15,1521,73.8,5.87,204.6
1744,44,4.55,70.1,4.61,25.62,1444,77.2,4.69,192.0
1745,44,4.37,75.1,4.65,24.27,1505,71.7,7.59,184.2
1746,44,4.31,70.2,4.67,29.86,1463,71.4,8.63,170.0
1747,44,4.66,74.1,7.18,26.93,1486,73.7,7.15,158.2
1748,44,4.85,74.8,7.07,27.87,1487,68.1,8.80,143.7
1749,44,5.02,78.6,4.63,27.45,1489,69.9,10.27,130.5
1750,44,5.03,74.9,4.81,29.23,1473,66.7,11.62,122.0
1751,44,5.17,79.2,4.77,28.62,1502,65.7,12.23,109.2
1752,44,5.58,77.1,6.89,28.54,1449,67.1,13.22,98.3
1753,44,5.45,79.1,5.11,28.56,1458,60.3,13.73,81.9
1754,44,4.95,79.8,5.18,27.94,1402,62.0,18.80,73.5
1755,44,5.27,79.5,5.34,25.92,1440,59.0,18.84,64.9
1756,44,5.51,79.2,5.52,30.64,1498,59.6,21.02,48.6
1757,44,5.59,80.9,5.42,29.32,1542,56.4,19.14,43.2
1758,44,6.02,84.2,5.62,32.50,1461,56.5,22.61,30.3
1759,44,5.91,86.6,5.91,30.84,1511,56.1,25.61,13.7
1760,44,6.17,86.4,5.82,30.38,1534,54.1,24.96,8.0
1761,45,2.44,63.5,7.92,29.80,1455,86.1,2.71,316.3
1762,45,2.60,61.0,4.31,31.06,1409,89.7,2.04,313.6
1763,45,3.03,63.7,7.53,27.16,1430,86.2,2.67,302.9
1764,45,2.86,68.4,7.31,29.25,1427,83.1,2.52,288.4
1765,45,2.95,66.4,7.62,29.85,1436,84.4,3.79,284.6
1766,45,3.11,66.5,7.52,27.34,1448,83.6,3.69,273.6
1767,45,3.00,71.2,4.16,30.30,1447,86.7,3.01,269.7
1768,45,3.49,66.8,7.56,29.35,1478,83.1,3.53,262.4
1769,45,3.55,68.6,7.51,29.65,1423,77.6,3.65,249.6
1770,45,3.74,67.6,4.38,27.43,1481,77.9,4.10,243.1
1771,45,3.55,67.4,4.43,30.71,1466,81.1,6.16,234.6
1772,45,3.73,67.4,4.56,32.62,1425,78.9,5.49,231.3
1773,45,3.90,70.5,7.22,33.34,1461,79.6,6.72,215.5
1774,45,3.72,69.8,4.44,28.71,1470,77.1,5.23,216.4
1775,45,3.51,72.6,4.64,30.78,1496,75.4,5.94,203.0
1776,45,3.47,72.7,4.43,34.05,1440,77.6,6.46,198.8
1777,45,3.95,69.1,4.51,28.92,1412,77.1,5.53,192.5
1778,45,3.83,73.1,7.16,30.85,1448,71.7,7.52,183.2
1779,45,4.60,76.5,4.56,31.16,1453,75.3,5.61,177.6
1780,45,4.24,73.8,4.77,31.58,1452,70.4,7.61,165.6
1781,45,4.29,75.5,4.63,34.94,1422,68.8,9.45,153.8
1782,45,4.27,73.1,4.86,32.16,1434,68.2,9.68,151.7
1783,45,4.84,73.6,4.79,31.76,1455,67.5,9.97,144.2
1784,45,4.77,77.5,4.84,34.71,1487,64.1,10.49,133.5
1785,45,5.10,76.7,7.24,32.71,1450,62.8,12.61,120.4
1786,45,4.69,77.4,4.99,30.34,1503,67.6,11.64,115.7
1787,45,4.78,78.3,6.95,33.42,1474,63.8,12.17,107.5
1788,45,4.79,77.6,5.09,32.26,1451,64.1,15.73,101.2
1789,45,5.27,76.7,5.02,29.69,1428,66.2,19.39,89.7
1790,45,4.86,78.2,5.12,35.23,1524,61.0,15.69,80.9
1791,45,5.24,77.1,5.09,32.34,1454,59.6,17.05,74.9
1792,45,5.41,82.4,5.13,37.79,1423,59.8,21.16,61.9
1793,45,5.61,82.4,5.35,31.97,1467,56.4,24.32,60.9
1794,45,5.44,82.3,5.00,32.28,1481,61.6,17.78,53.1
1795,45,5.56,82.7,5.54,34.94,1414,60.4,21.19,42.2
1796,45,5.13,84.4,5.43,34.68,1481,60.2,25.75,40.8
1797,45,5.91,84.0,5.20,34.19,1414,57.0,24.70,26.1
1798,45,5.93,83.0,5.71,33.88,1473,54.5,25.64,18.8
1799,45,5.72,86.8,6.11,35.07,1455,53.2,28.15,10.8
1800,45,5.69,85.7,5.78,34.12,1522,54.9,28.56,4.1
1801,46,3.33,68.1,4.37,27.38,1478,80.8,4.12,269.3
1802,46,3.73,61.0,7.47,28.07,1446,81.7,4.00,268.2
1803,46,3.53,66.0,7.49,29.35,1460,82.0,4.32,255.0
1804,46,3.61,65.0,7.31,27.31,1446,83.1,4.40,250.4
1805,46,3.61,67.0,7.41,28.82,1493,80.3,4.25,243.2
1806,46,3.85,67.2,7.43,29.07,1508,77.3,4.79,237.6
1807,46,3.58,72.2,7.65,25.50,1434,76.3,4.29,225.6
1808,46,3.64,72.2,4.50,26.26,1472,78.2,5.00,221.8
1809,46,3.69,65.3,7.26,30.56,1481,81.7,4.83,216.7
1810,46,4.08,66.5,4.57,26.87,1440,75.0,5.09,212.5
1811,46,4.62,67.8,7.13,25.46,1433,78.2,5.10,206.0
1812,46,4.07,71.3,4.66,29.76,1488,75.9,5.83,196.6
1813,46,4.17,72.1,4.49,27.60,1432,73.5,8.36,188.3
1814,46,4.30,72.1,7.09,27.87,1490,73.5,6.40,188.3
1815,46,4.48,71.2,4.61,27.59,1438,69.6,8.57,178.7
1816,46,4.01,70.9,4.75,29.41,1444,71.0,8.62,168.9
1817,46,4.90,76.0,4.91,27.40,1493,71.2,7.56,162.2
1818,46,4.91,73.1,4.63,25.56,1462,70.2,10.52,153.3
1819,46,4.60,75.2,6.97,28.43,1456,68.2,11.02,148.3
1820,46,4.43,77.3,4.68,30.64,1488,68.1,11.60,140.9
1821,46,4.47,71.6,4.79,28.68,1386,65.7,8.89,137.1
1822,46,5.04,81.1,4.93,33.35,1456,67.9,12.45,124.2
1823,46,4.93,77.3,4.98,32.07,1450,65.8,10.66,119.5
1824,46,5.30,81.6,7.02,27.38,1497,65.5,10.02,115.0
1825,46,5.15,81.4,4.84,30.34,1517,66.3,10.53,105.8
1826,46,5.13,78.2,5.22,29.81,1437,61.4,13.91,95.4
1827,46,5.21,80.3,4.87,28.39,1417,60.7,13.56,89.3
1828,46,4.97,75.6,5.00,31.81,1490,64.6,15.63,86.7
1829,46,5.51,80.3,5.24,30.26,1481,60.9,14.76,78.5
1830,46,5.29,80.4,5.34,28.18,1483,61.3,20.91,71.4
1831,46,5.37,83.2,5.34,32.46,1415,58.4,17.64,66.2
1832,46,5.86,79.0,5.23,33.77,1502,61.3,17.79,61.3
1833,46,5.50,82.1,5.28,30.11,1454,60.2,17.71,52.1
1834,46,5.63,85.1,5.47,31.69,1484,56.9,20.82,43.9
1835,46,5.78,84.1,5.70,30.72,1478,57.1,24.24,37.5
1836,46,5.71,86.6,5.55,33.01,1503,55.2,24.13,36.6
1837,46,6.02,90.5,5.41,34.12,1472,61.6,27.98,24.0
1838,46,5.73,85.0,5.68,35.52,1485,54.5,22.73,16.4
1839,46,5.98,88.4,5.61,32.71,1497,56.0,27.53,13.3
1840,46,6.32,87.2,6.01,31.41,1431,53.1,26.89,4.0
1841,47,2.08,59.6,4.20,23.68,1443,93.6,1.57,375.6
1842,47,2.35,56.9,7.84,22.78,1420,94.1,1.39,372.1
1843,47,2.36,61.4,4.43,24.23,1490,91.3,1.87,354.0
1844,47,2.58,56.9,4.23,24.30,1455,88.7,1.59,352.7
1845,47,2.86,63.7,7.85,21.15,1468,89.3,2.27,337.2
1846,47,2.77,55.1,7.73,25.80,1517,87.0,1.88,332.5
1847,47,2.95,65.9,4.57,23.54,1474,87.6,2.21,320.7
1848,47,2.65,64.1,7.74,26.58,1448,85.0,2.34,309.1
1849,47,3.29,64.7,7.39,23.97,1499,88.3,2.68,296.7
1850,47,3.21,65.4,7.49,27.74,1471,89.1,3.02,289.8
1851,47,3.30,65.6,7.81,26.60,1499,83.1,3.30,280.9
1852,47,2.95,69.2,7.40,31.73,1477,82.2,3.48,269.7
1853,47,3.57,63.6,7.54,25.48,1500,80.1,3.76,265.0
1854,47,3.72,67.5,4.49,26.50,1473,77.7,3.53,251.9
1855,47,3.64,67.2,4.29,26.61,1466,76.1,4.89,241.0
1856,47,3.76,63.4,4.38,27.23,1475,79.2,4.55,234.5
1857,47,4.07,68.7,7.22,28.72,1469,78.6,4.09,226.6
1858,47,3.78,69.5,4.52,23.17,1439,81.2,5.03,218.1
1859,47,3.73,71.7,4.47,25.98,1463,74.8,6.88,206.8
1860,47,4.13,69.1,4.55,26.02,1504,75.2,8.53,193.9
1861,47,4.04,72.4,4.69,28.51,1480,73.0,6.62,185.0
1862,47,4.55,72.3,4.64,28.63,1519,72.0,7.19,173.3
1863,47,4.38,77.9,4.64,27.39,1535,70.8,7.69,170.4
1864,47,4.50,72.4,6.95,28.26,1419,74.2,8.60,161.7
1865,47,4.15,70.4,6.99,27.63,1407,69.7,9.68,149.5
1866,47,4.65,78.3,4.40,30.81,1528,70.3,7.48,139.9
1867,47,4.65,76.0,4.91,28.43,1496,67.8,10.24,127.7
1868,47,4.52,77.0,4.93,26.17,1450,67.6,12.70,122.2
1869,47,5.00,76.5,4.94,27.92,1489,63.4,11.45,106.6
1870,47,5.24,79.8,5.09,29.20,1515,63.8,12.84,100.7
1871,47,5.27,79.7,4.97,27.99,1486,63.5,14.94,89.6
1872,47,5.54,84.1,5.13,30.53,1495,61.5,18.53,75.3
1873,47,5.26,85.6,5.13,30.96,1435,61.9,16.31,72.7
1874,47,5.52,81.6,5.10,33.87,1455,59.3,16.76,62.8
1875,47,5.48,86.7,5.35,30.61,1472,53.4,18.03,51.8
1876,47,5.84,85.6,5.42,31.23,1456,62.0,21.73,41.0
1877,47,5.60,81.3,5.37,30.69,1502,57.7,23.89,36.1
1878,47,5.74,81.1,5.58,30.97,1448,60.6,24.15,24.8
1879,47,5.63,84.7,5.67,31.32,1442,55.7,21.34,14.4
1880,47,6.34,86.2,5.96,32.47,1421,56.1,28.16,4.0
1881,48,4.79,75.8,4.91,26.10,1428,66.3,9.92,118.1
1882,48,4.72,79.9,4.79,24.71,1434,68.9,15.29,113.3
1883,48,4.92,77.3,4.86,24.83,1421,66.3,14.07,109.1
1884,48,4.73,78.7,5.08,24.42,1411,65.8,11.98,109.4
1885,48,5.11,78.2,4.83,18.61,1391,65.3,14.53,106.8
1886,48,5.05,76.4,5.06,25.03,1407,67.4,13.40,99.3
1887,48,4.89,78.1,4.94,26.38,1370,65.4,13.04,101.8
1888,48,5.26,83.1,4.91,26.32,1418,61.3,12.27,93.0
1889,48,5.25,76.6,4.97,26.62,1383,60.5,14.14,91.7
1890,48,5.22,78.4,5.18,24.95,1414,63.3,11.19,96.7
1891,48,5.71,77.3,4.87,27.87,1360,63.9,16.48,89.1
1892,48,5.07,75.2,6.84,25.42,1425,67.4,14.99,85.3
1893,48,5.01,80.5,5.16,23.56,1454,61.5,14.76,86.7
1894,48,5.17,77.5,5.00,27.42,1446,65.5,15.94,81.3
1895,48,5.48,78.4,4.99,24.57,1375,61.4,14.89,71.8
1896,48,5.43,82.5,5.04,23.20,1355,63.7,16.23,74.9
1897,48,5.18,81.7,5.21,26.33,1440,60.8,18.79,68.7
1898,48,5.19,79.7,5.40,27.03,1468,61.2,14.69,70.9
1899,48,5.29,82.1,5.16,26.56,1444,64.4,16.31,63.4
1900,48,5.69,83.2,5.21,27.69,1370,59.5,16.61,61.9
1901,48,5.33,80.8,5.38,27.27,1432,59.2,23.66,50.6
1902,48,5.43,80.0,5.41,28.60,1405,56.9,15.50,58.4
1903,48,5.77,79.1,5.19,26.22,1441,61.4,18.74,57.4
1904,48,5.51,81.8,5.37,24.90,1362,58.7,20.27,50.2
1905,48,5.13,83.2,5.43,26.13,1420,59.0,20.90,49.4
1906,48,5.56,83.2,5.11,27.16,1444,60.8,18.90,45.9
1907,48,5.70,82.6,5.33,27.42,1430,61.2,21.81,43.8
1908,48,5.76,82.5,5.54,27.75,1470,57.5,27.08,38.7
1909,48,5.99,85.6,5.23,27.76,1422,62.1,21.00,33.8
1910,48,5.55,84.8,5.53,24.18,1377,57.9,25.14,31.4
1911,48,5.52,83.8,5.69,25.44,1383,54.7,27.37,32.2
1912,48,5.73,85.1,5.48,24.03,1355,59.7,21.29,30.8
1913,48,5.84,88.4,5.69,26.27,1382,55.2,29.44,22.9
1914,48,6.14,85.7,5.77,26.70,1401,56.9,25.59,16.8
1915,48,6.13,86.1,5.69,28.39,1404,54.7,26.28,17.0
1916,48,5.76,85.2,5.67,25.03,1427,53.8,23.94,17.2
1917,48,5.72,85.1,5.72,28.41,1387,53.3,26.03,11.0
1918,48,5.58,86.0,5.71,31.72,1385,58.5,28.34,8.2
1919,48,5.79,84.7,6.39,26.55,1418,58.5,25.51,11.9
1920,48,5.69,85.0,5.93,26.44,1384,52.6,25.47,4.0
1921,49,3.95,71.6,7.29,23.90,1441,73.8,6.85,191.2
1922,49,3.73,70.2,4.76,27.73,1478,71.7,6.02,187.7
1923,49,4.15,73.6,7.20,28.26,1458,73.6,8.93,179.1
1924,49,4.35,72.0,4.76,30.07,1542,73.0,6.24,173.8
1925,49,4.42,72.7,7.08,26.54,1450,75.0,6.46,173.9
1926,49,4.58,66.8,4.68,29.60,1455,73.7,7.62,168.5
1927,49,4.82,70.8,4.88,28.78,1445,72.6,7.01,160.0
1928,49,4.28,75.5,4.69,29.71,1510,68.6,8.59,154.9
1929,49,4.47,74.6,4.80,25.52,1477,69.5,8.24,153.3
1930,49,4.89,71.3,4.73,26.89,1473,70.9,9.94,147.3
1931,49,4.22,77.0,4.83,28.21,1499,67.8,10.56,140.6
1932,49,4.63,73.1,4.56,27.54,1524,71.4,9.70,137.4
1933,49,4.63,77.9,4.89,30.01,1437,66.9,13.45,131.0
1934,49,4.85,70.0,4.75,28.21,1415,66.9,9.08,128.9
1935,49,4.76,74.5,4.93,24.19,1469,64.7,11.56,120.8
1936,49,4.90,75.1,4.82,28.38,1493,63.8,12.63,116.7
1937,49,5.01,77.9,4.95,28.86,1495,64.0,13.23,109.9
1938,49,4.63,77.9,5.01,27.33,1453,67.4,11.96,109.0
1939,49,4.89,75.5,5.03,26.87,1454,66.6,11.98,98.0
1940,49,5.14,79.7,5.02,27.83,1484,62.7,13.50,94.6
1941,49,5.34,77.0,5.12,26.66,1498,65.1,12.52,93.4
1942,49,5.48,81.3,4.96,28.19,1530,61.1,13.78,90.3
1943,49,5.17,79.1,5.05,29.68,1461,59.0,16.34,83.5
1944,49,5.04,81.8,5.28,25.99,1495,61.8,18.83,81.9
1945,49,5.74,77.7,5.39,31.03,1509,61.9,15.19,72.8
1946,49,5.44,80.6,5.14,25.50,1503,59.7,15.69,64.9
1947,49,4.86,82.8,5.30,27.56,1458,63.3,17.46,66.9
1948,49,5.76,86.7,5.20,28.74,1493,59.0,18.04,62.1
1949,49,5.59,86.4,5.27,28.63,1452,60.3,20.73,52.9
1950,49,5.67,80.0,5.42,26.34,1474,58.7,18.68,49.3
1951,49,5.38,80.8,5.58,30.36,1455,56.1,26.44,48.2
1952,49,5.79,80.1,5.51,29.43,1417,59.4,25.76,43.3
1953,49,5.88,83.8,5.59,32.08,1428,56.4,22.56,41.1
1954,49,5.91,83.5,5.58,28.57,1404,59.0,19.97,35.1
1955,49,5.65,83.3,5.53,30.47,1498,56.9,30.53,27.8
1956,49,5.96,81.5,5.86,28.77,1497,54.2,29.85,17.7
1957,49,5.95,84.5,6.40,28.07,1498,57.3,29.76,18.7
1958,49,5.67,84.3,6.00,32.47,1492,56.4,31.24,8.3
1959,49,6.34,82.3,6.13,32.25,1449,53.5,21.37,5.7
1960,49,6.10,84.1,6.00,26.73,1506,53.3,32.63,4.0
1961,50,2.89,59.0,4.28,30.23,1468,85.0,2.91,300.8
1962,50,3.08,63.6,7.58,27.82,1530,82.4,3.57,291.9
1963,50,3.28,68.8,7.43,29.97,1501,85.2,3.48,276.1
1964,50,3.36,62.8,4.37,29.05,1432,82.8,4.06,275.7
1965,50,3.41,67.3,4.35,33.65,1464,79.5,3.28,262.6
1966,50,3.38,63.4,7.32,29.34,1447,81.6,4.61,258.3
1967,50,3.57,67.1,7.54,28.85,1454,79.5,3.90,251.9
1968,50,3.95,66.0,4.74,27.68,1409,79.3,4.59,237.3
1969,50,3.74,67.3,7.45,32.54,1452,80.6,4.85,237.0
1970,50,3.63,69.9,4.37,32.35,1450,79.4,5.45,228.2
1971,50,4.01,69.4,4.51,26.97,1459,73.3,6.24,217.6
1972,50,3.52,70.3,4.72,32.27,1440,75.1,5.12,213.2
1973,50,3.83,72.3,7.16,29.06,1478,75.1,6.73,206.8
1974,50,4.23,71.3,4.74,30.80,1481,71.6,7.38,194.6
1975,50,3.98,70.5,4.57,29.95,1449,76.6,6.36,194.0
1976,50,4.46,67.2,7.33,29.75,1452,77.2,7.60,183.8
1977,50,4.26,68.8,4.62,31.86,1492,73.2,7.06,173.1
1978,50,4.36,71.3,4.84,31.58,1458,73.0,8.10,171.9
1979,50,4.69,73.1,4.68,31.36,1437,68.4,8.13,159.9
1980,50,4.55,73.3,4.80,30.49,1486,69.1,9.45,152.1
1981,50,4.53,74.6,7.09,31.85,1484,69.9,9.63,148.0
1982,50,4.63,78.7,4.74,31.97,1499,71.8,10.65,143.5
1983,50,4.84,74.6,4.86,32.39,1494,70.4,12.16,132.5
1984,50,4.60,74.7,4.74,33.57,1424,67.5,9.82,122.6
1985,50,5.11,75.8,4.90,32.16,1480,64.7,13.17,111.9
1986,50,4.88,78.0,4.98,28.53,1466,66.2,13.72,107.8
1987,50,4.82,77.2,5.22,34.29,1429,63.8,20.29,97.6
1988,50,4.94,75.3,4.92,33.14,1442,63.3,16.64,91.3
1989,50,5.12,81.3,5.21,36.13,1467,62.6,19.11,84.8
1990,50,5.34,75.8,4.98,34.10,1422,61.4,16.87,77.2
1991,50,5.42,80.2,5.23,34.66,1381,63.1,16.04,72.3
1992,50,5.25,82.1,5.45,33.62,1444,58.7,16.98,61.7
1993,50,5.62,81.2,5.14,35.00,1507,64.1,23.13,56.2
1994,50,5.54,79.2,5.39,35.08,1455,58.4,21.08,48.8
1995,50,5.92,79.4,5.42,37.32,1469,61.0,21.10,38.7
1996,50,5.81,84.0,5.60,36.60,1417,59.8,23.01,32.6
1997,50,5.99,77.1,5.63,35.71,1477,55.5,28.89,29.6
1998,50,6.14,82.1,5.57,36.82,1398,55.8,21.91,16.3
1999,50,6.22,85.8,5.66,36.12,1450,57.4,23.21,14.5
2000,50,6.03,89.0,6.04,35.20,1443,58.7,33.71,4.0
2001,51,2.34,59.5,8.07,15.56,1526,91.7,1.81,347.1
2002,51,2.33,59.3,4.30,14.64,1499,89.5,1.83,338.4
2003,51,2.58,59.8,7.74,15.95,1481,85.9,1.96,329.5
2004,51,2.77,67.0,7.68,22.01,1471,87.1,2.63,316.7
2005,51,2.76,65.6,4.39,19.27,1521,86.4,2.85,311.2
2006,51,2.66,63.7,4.60,15.25,1530,83.6,2.71,305.7
2007,51,2.81,62.3,4.23,19.03,1498,85.4,3.60,292.7
2008,51,2.87,66.1,4.51,18.78,1526,79.9,2.76,282.2
2009,51,3.15,63.2,4.26,19.32,1499,86.8,2.99,275.9
2010,51,3.39,66.5,7.57,20.78,1499,83.0,3.66,267.1
2011,51,2.94,67.0,4.48,18.35,1504,82.8,4.88,262.5
2012,51,3.55,67.3,7.48,19.21,1505,80.8,4.03,249.4
2013,51,3.38,68.9,7.53,21.49,1493,76.8,4.59,239.0
2014,51,3.90,66.0,7.35,18.81,1557,79.7,4.87,233.1
2015,51,3.77,68.7,7.40,17.42,1520,75.1,4.28,222.1
2016,51,3.84,72.1,7.48,22.72,1553,74.9,5.40,214.6
2017,51,3.82,69.3,7.26,19.89,1489,79.0,5.82,205.5
2018,51,4.02,73.7,4.51,20.63,1489,76.3,5.81,202.5
2019,51,4.02,69.2,7.20,19.69,1474,74.3,6.56,186.3
2020,51,3.81,70.4,4.64,23.36,1499,75.1,7.34,180.7
2021,51,4.22,76.1,7.11,19.05,1515,71.7,7.01,177.2
2022,51,4.49,78.7,7.04,21.43,1506,72.9,9.30,162.8
2023,51,4.40,74.7,7.34,23.16,1495,70.6,9.88,151.3
2024,51,4.33,76.3,4.86,20.33,1512,60.8,10.17,138.8
2025,51,4.96,74.8,4.84,23.69,1469,69.9,12.87,132.9
2026,51,4.82,75.5,4.74,21.46,1489,67.5,9.76,132.2
2027,51,4.45,79.7,4.87,24.16,1528,65.7,12.05,121.0
2028,51,5.20,79.2,4.76,24.12,1495,66.6,13.37,104.1
2029,51,4.94,80.7,4.97,23.87,1462,61.9,9.71,99.0
2030,51,5.07,78.0,5.19,21.96,1522,66.4,13.48,93.7
2031,51,5.01,81.0,5.26,20.67,1466,64.1,14.07,85.0
2032,51,5.15,82.5,5.02,23.66,1484,63.4,13.47,77.3
2033,51,5.50,80.7,5.30,23.75,1527,60.8,18.72,65.8
2034,51,5.37,82.2,5.32,24.73,1506,60.6,18.97,56.5
2035,51,5.60,84.9,5.54,22.32,1536,56.3,19.92,43.6
2036,51,5.52,80.1,5.61,24.33,1542,60.7,21.57,41.5
2037,51,6.10,84.3,5.48,25.44,1522,55.3,22.05,31.2
2038,51,5.88,86.7,5.88,25.31,1566,58.5,28.69,24.5
2039,51,6.00,87.7,6.32,22.59,1508,56.1,26.20,12.4
2040,51,5.76,85.6,5.72,24.15,1522,52.3,32.56,4.0
2041,52,3.45,65.4,7.47,20.32,1310,77.3,3.62,256.4
2042,52,3.83,65.9,4.45,19.56,1409,77.0,4.45,242.4
2043,52,3.43,67.4,4.41,19.33,1341,78.7,5.44,234.9
2044,52,3.98,65.2,4.55,21.14,1412,73.3,5.24,224.9
2045,52,3.56,69.2,4.53,22.12,1390,77.4,3.93,225.4
2046,52,3.85,68.9,7.14,21.17,1410,75.2,5.17,217.8
2047,52,3.71,69.6,7.30,22.41,1358,77.2,5.82,209.0
2048,52,4.22,68.9,4.56,18.40,1353,72.5,6.38,205.3
2049,52,3.80,73.5,7.26,20.81,1355,76.9,7.18,190.7
2050,52,4.34,70.0,7.48,17.71,1359,72.9,6.25,192.6
2051,52,4.34,70.8,4.47,23.99,1313,72.3,8.08,191.1
2052,52,4.22,73.4,7.17,19.66,1353,72.8,5.48,185.9
2053,52,3.91,71.8,4.61,23.82,1349,70.5,9.62,169.5
2054,52,4.02,74.0,4.62,23.93,1325,72.5,6.75,168.9
2055,52,4.35,71.5,4.69,21.56,1425,68.7,9.88,157.2
2056,52,4.48,75.3,4.44,24.67,1333,71.1,8.24,155.1
2057,52,4.54,76.8,4.73,23.37,1409,71.1,11.13,144.3
2058,52,4.53,73.6,4.76,18.78,1376,70.5,10.46,144.3
2059,52,4.55,74.1,4.89,22.49,1326,69.6,10.75,136.4
2060,52,4.72,75.9,4.86,23.52,1402,70.5,12.16,134.4
2061,52,4.87,76.0,4.96,20.74,1368,64.2,12.46,120.5
2062,52,4.93,74.1,4.94,21.59,1353,64.7,11.90,118.4
2063,52,4.84,79.6,4.79,18.47,1387,64.2,13.08,113.2
2064,52,5.09,81.1,4.74,24.95,1403,66.0,11.73,101.3
2065,52,4.97,80.1,4.96,22.84,1338,62.6,11.09,102.6
2066,52,5.31,74.3,4.99,23.37,1344,58.2,13.10,86.8
2067,52,5.32,79.4,7.11,20.66,1382,62.0,16.95,84.0
2068,52,5.24,75.5,5.09,19.19,1398,59.8,14.83,82.2
2069,52,5.40,81.3,5.01,25.24,1316,59.0,14.59,71.3
2070,52,5.02,82.7,5.14,23.64,1367,62.9,14.72,64.7
2071,52,5.36,82.6,5.22,24.55,1345,60.9,20.56,58.5
2072,52,5.71,80.0,5.52,24.04,1326,60.1,23.06,52.4
2073,52,5.46,80.4,5.42,23.02,1397,60.4,21.43,50.7
2074,52,5.79,82.6,5.37,23.95,1358,58.8,23.69,42.9
2075,52,5.71,78.5,5.44,25.60,1355,55.5,21.58,36.1
2076,52,6.03,80.9,5.74,26.21,1411,53.8,25.98,30.3
2077,52,6.05,80.3,5.63,23.61,1346,60.0,25.54,25.8
2078,52,6.29,87.1,5.94,24.79,1382,55.2,25.35,15.9
2079,52,6.11,85.1,5.92,24.07,1386,55.4,26.39,10.7
2080,52,5.51,88.9,6.05,26.69,1400,54.5,36.67,7.2
2081,53,2.86,61.2,7.83,25.80,1385,88.1,2.38,326.2
2082,53,2.78,62.3,4.23,27.31,1480,87.9,2.43,317.8
2083,53,2.85,62.5,7.64,25.52,1354,84.6,2.40,312.6
2084,53,3.01,63.6,4.50,23.26,1482,85.6,2.42,302.5
2085,53,3.28,62.3,7.68,26.96,1429,85.6,2.57,293.6
2086,53,3.20,63.7,4.44,25.01,1435,83.7,3.74,284.6
2087,53,3.26,66.1,7.62,27.87,1495,82.5,2.98,276.1
2088,53,3.39,66.5,4.43,27.26,1403,81.1,3.96,267.1
2089,53,3.41,64.1,4.35,27.65,1390,83.3,4.60,257.4
2090,53,3.59,65.2,3.93,28.72,1413,78.7,4.76,248.0
2091,53,3.43,65.8,4.46,26.57,1428,76.4,4.13,245.6
2092,53,3.73,69.4,7.50,24.57,1453,73.0,5.39,231.3
2093,53,4.02,72.4,4.55,26.12,1458,75.8,5.74,222.6
2094,53,3.94,66.5,7.42,24.42,1453,74.0,5.04,217.4
2095,53,3.99,64.8,7.34,29.78,1478,74.1,6.38,212.2
2096,53,4.03,69.6,4.58,29.81,1434,73.3,5.96,203.7
2097,53,4.03,74.5,7.37,26.20,1439,73.6,6.83,193.5
2098,53,4.20,71.4,4.53,30.02,1387,73.7,7.26,184.6
2099,53,4.36,73.6,4.73,26.54,1431,71.0,8.29,178.8
2100,53,4.28,72.1,7.15,26.95,1454,71.0,8.74,166.2
2101,53,4.53,74.5,7.10,25.57,1419,67.7,8.36,156.2
2102,53,4.70,76.8,4.80,26.71,1406,69.2,7.40,153.0
2103,53,4.57,78.1,4.58,28.13,1435,67.7,9.90,144.3
2104,53,4.75,79.5,4.77,28.03,1392,67.8,9.85,136.4
2105,53,5.18,78.1,7.07,29.94,1416,65.0,11.01,126.4
2106,53,4.94,76.5,4.89,30.35,1423,68.1,15.03,114.9
2107,53,4.86,79.8,5.09,28.22,1385,65.8,12.89,109.8
2108,53,4.98,79.0,7.00,29.65,1371,61.8,13.55,105.3
2109,53,5.56,76.5,5.01,31.04,1435,63.3,15.08,94.3
2110,53,5.09,85.5,5.15,29.93,1420,62.2,15.80,87.0
2111,53,5.51,84.4,5.17,30.89,1469,60.3,16.27,83.6
2112,53,5.28,80.2,4.93,31.64,1414,62.6,15.72,71.4
2113,53,5.75,84.2,4.98,27.63,1410,59.6,16.06,59.3
2114,53,5.50,84.4,5.41,29.29,1400,57.9,17.51,56.0
2115,53,6.10,83.7,5.35,32.04,1416,59.0,24.16,49.1
2116,53,6.09,83.3,5.34,30.60,1419,54.3,21.52,37.1
2117,53,5.63,82.3,5.83,31.52,1443,60.4,25.07,29.5
2118,53,6.03,82.2,5.75,29.62,1385,53.4,21.34,23.6
2119,53,6.31,83.7,5.85,35.52,1408,52.9,28.40,12.5
2120,53,5.91,87.1,6.59,24.99,1418,56.7,26.62,8.4
2121,54,1.93,58.9,4.20,23.61,1415,93.2,1.55,375.1
2122,54,2.51,56.9,8.01,20.85,1478,88.7,2.18,360.6
2123,54,2.86,59.0,4.02,26.60,1445,92.1,1.55,354.5
2124,54,2.28,59.1,4.40,22.53,1465,86.4,2.03,347.3
2125,54,2.50,57.1,7.95,23.99,1488,85.8,2.19,335.5
2126,54,2.99,60.1,7.79,21.07,1489,88.5,2.41,324.8
2127,54,2.59,63.5,4.54,23.49,1492,84.7,2.27,316.1
2128,54,3.22,61.6,4.26,21.61,1432,84.4,3.52,300.1
2129,54,3.16,63.5,4.38,24.91,1450,82.2,2.53,295.2
2130,54,2.97,59.3,7.84,25.27,1448,84.2,2.88,289.4
2131,54,3.52,65.1,4.39,26.35,1463,82.6,4.24,273.6
2132,54,3.65,67.5,7.51,28.32,1417,79.9,4.36,270.5
2133,54,3.60,69.2,4.26,26.48,1385,82.7,4.68,253.4
2134,54,3.54,69.3,7.54,25.74,1444,78.0,3.94,249.9
2135,54,3.73,66.7,4.51,24.14,1471,77.9,4.72,240.7
2136,54,3.46,71.7,7.28,27.92,1434,73.4,4.52,230.9
2137,54,3.41,74.4,4.76,25.62,1418,77.7,5.33,222.6
2138,54,3.95,71.6,4.47,26.43,1394,73.4,7.18,215.1
2139,54,3.80,64.9,4.78,24.16,1459,72.0,7.21,203.4
2140,54,3.94,75.7,4.75,26.47,1438,73.6,7.01,194.3
2141,54,4.44,70.2,4.76,26.11,1433,72.5,7.53,182.5
2142,54,4.15,71.5,4.64,24.83,1417,69.1,8.05,177.2
2143,54,4.23,73.4,4.71,25.07,1407,70.3,7.63,162.4
2144,54,4.45,72.7,7.21,27.92,1439,67.8,12.36,160.6
2145,54,4.71,78.2,4.82,25.53,1438,68.0,8.32,142.3
2146,54,5.11,81.3,4.89,30.78,1436,65.9,10.19,134.2
2147,54,4.97,80.1,4.83,28.89,1429,65.9,10.32,124.9
2148,54,4.70,79.1,4.98,29.52,1428,63.3,13.50,117.8
2149,54,5.05,82.9,5.02,26.05,1433,65.1,17.56,107.7
2150,54,5.41,81.4,5.15,26.65,1413,62.6,14.11,96.6
2151,54,5.35,76.0,5.09,28.87,1422,63.6,19.96,87.4
2152,54,5.59,80.6,5.40,31.28,1449,59.7,15.85,76.4
2153,54,5.04,84.2,5.05,27.04,1438,60.2,16.68,70.0
2154,54,5.62,84.9,5.12,30.89,1472,60.9,21.62,63.5
2155,54,5.69,82.2,5.42,30.76,1413,55.9,18.88,49.2
2156,54,5.53,81.6,5.12,30.58,1411,56.1,17.16,46.3
2157,54,5.98,82.3,5.72,31.71,1478,53.4,28.77,31.0
2158,54,6.11,84.9,5.44,30.50,1463,56.3,27.10,16.9
2159,54,5.93,86.8,5.53,29.90,1429,52.1,27.57,10.1
2160,54,6.35,83.8,5.87,31.02,1441,52.5,29.16,9.8
2161,55,4.60,73.4,4.77,27.08,1476,72.5,7.77,166.8
2162,55,4.41,74.2,7.09,26.27,1386,74.6,9.92,168.0
2163,55,4.60,78.0,7.02,30.10,1459,71.6,9.27,157.3
2164,55,4.74,71.7,4.85,25.59,1403,74.4,9.73,160.6
2165,55,4.76,78.7,4.69,28.84,1424,72.8,8.57,152.2
2166,55,4.36,76.5,4.87,25.71,1441,73.3,12.16,147.5
2167,55,4.43,77.4,7.05,24.61,1377,67.2,10.77,142.1
2168,55,4.59,80.3,4.78,31.23,1406,67.5,10.10,133.8
2169,55,4.69,74.8,4.99,28.87,1456,71.2,10.88,138.7
2170,55,4.71,80.9,6.98,28.35,1444,65.1,10.88,127.4
2171,55,4.75,77.8,4.76,29.30,1514,67.8,13.44,128.4
2172,55,4.71,82.9,5.01,27.29,1480,66.8,14.56,118.8
2173,55,4.55,78.7,4.64,28.96,1435,69.6,13.01,117.9
2174,55,5.21,83.2,4.89,28.51,1570,65.2,12.27,117.1
2175,55,5.11,83.9,5.09,26.07,1485,67.4,12.69,111.4
2176,55,4.91,80.1,5.06,27.37,1413,64.6,11.82,103.5
2177,55,5.02,82.1,4.82,26.41,1430,65.2,17.11,99.4
2178,55,5.22,84.4,4.83,30.72,1508,63.6,17.34,96.2
2179,55,5.31,83.3,5.05,29.84,1427,61.4,13.81,94.6
2180,55,5.19,85.0,4.99,30.39,1445,61.9,20.43,87.4
2181,55,5.15,85.7,5.15,28.51,1420,61.7,16.94,84.0
2182,55,5.34,82.2,4.99,30.52,1483,62.5,17.66,81.5
2183,55,5.31,82.0,4.87,31.61,1424,63.1,17.48,71.8
2184,55,5.78,79.2,4.90,32.38,1431,63.1,17.09,72.1
2185,55,5.42,86.8,5.17,29.71,1459,62.2,20.52,63.7
2186,55,5.62,83.9,5.38,29.80,1457,60.2,17.37,61.5
2187,55,5.90,87.0,5.27,28.94,1417,59.9,20.01,53.9
2188,55,5.61,86.3,5.23,30.08,1477,58.3,17.18,53.2
2189,55,5.67,85.6,5.64,33.62,1464,60.0,28.33,49.1
2190,55,5.96,85.7,5.06,30.27,1457,61.0,21.15,45.3
2191,55,5.83,83.1,5.48,31.53,1415,63.2,23.93,40.5
2192,55,5.80,87.0,5.21,31.31,1405,58.8,20.31,36.6
2193,55,6.02,86.6,5.68,31.34,1436,57.1,31.34,28.7
2194,55,5.99,86.2,5.60,25.27,1437,57.5,24.28,32.7
2195,55,5.88,89.5,5.70,29.42,1438,59.5,27.42,26.2
2196,55,5.74,88.2,5.87,27.89,1459,60.3,31.11,16.4
2197,55,5.64,89.2,5.56,26.97,1460,54.9,27.46,14.1
2198,55,6.14,85.8,6.11,28.92,1448,56.3,34.73,6.8
2199,55,6.15,86.6,5.67,33.44,1443,52.4,31.05,11.8
2200,55,6.06,91.7,5.82,28.80,1475,59.8,34.39,7.3
2201,56,4.20,71.8,4.65,23.03,1452,69.1,8.20,157.3
2202,56,4.56,73.3,4.64,26.32,1468,69.7,8.01,156.8
2203,56,4.47,72.5,7.17,26.59,1473,70.0,8.93,152.0
2204,56,4.72,73.9,4.74,26.35,1526,66.7,8.29,144.6
2205,56,4.69,77.7,4.79,24.25,1483,66.0,10.94,135.1
2206,56,4.95,74.2,4.83,28.32,1469,67.9,9.68,138.7
2207,56,4.47,76.9,4.89,26.05,1385,65.7,10.14,123.9
2208,56,4.87,72.6,4.68,26.06,1466,69.1,10.41,129.5
2209,56,5.24,76.3,6.96,27.17,1454,69.0,13.85,125.0
2210,56,4.95,75.3,5.08,29.71,1463,65.2,11.34,118.6
2211,56,4.89,75.0,5.06,26.23,1494,63.9,13.08,115.1
2212,56,4.85,77.8,4.70,26.57,1499,66.6,12.19,121.0
2213,56,5.09,77.8,5.11,26.23,1503,65.8,13.60,109.6
2214,56,4.80,73.8,5.08,28.01,1478,65.3,10.61,107.7
2215,56,4.86,77.4,4.94,27.77,1462,64.0,12.15,103.3
2216,56,5.16,77.9,4.86,28.46,1556,66.5,15.14,99.1
2217,56,5.28,79.9,4.94,27.52,1516,61.5,15.69,90.2
2218,56,5.08,75.7,4.89,30.92,1505,60.8,11.02,94.3
2219,56,5.37,77.6,5.18,28.03,1493,65.9,19.82,81.1
2220,56,4.66,77.6,5.12,24.58,1457,61.6,14.13,85.1
2221,56,5.33,73.2,5.17,28.97,1437,60.1,17.17,80.4
2222,56,5.57,77.6,5.19,25.44,1423,59.3,19.73,70.8
2223,56,5.13,76.2,5.22,31.52,1428,60.2,15.97,70.2
2224,56,5.39,74.2,5.38,31.04,1546,61.3,18.15,66.8
2225,56,5.40,84.1,5.22,27.35,1411,60.8,18.83,61.0
2226,56,5.79,78.7,5.29,28.12,1493,60.1,18.52,57.9
2227,56,5.42,80.6,5.24,29.75,1446,59.8,16.03,51.0
2228,56,5.49,77.5,5.64,30.24,1478,54.8,20.02,49.5
2229,56,5.84,83.1,5.38,28.01,1514,58.8,17.22,47.5
2230,56,5.60,82.4,5.45,28.73,1502,61.7,22.18,41.3
2231,56,6.09,78.8,5.58,29.50,1496,57.5,21.26,36.1
2232,56,5.61,80.6,5.53,27.67,1466,60.1,21.35,34.3
2233,56,5.84,79.8,5.70,29.26,1488,59.1,23.34,33.0
2234,56,5.70,82.2,5.69,27.94,1476,57.0,20.76,30.1
2235,56,5.98,84.5,5.61,27.35,1486,53.8,29.67,17.2
2236,56,6.08,80.1,5.60,25.54,1449,57.2,33.15,17.4
2237,56,5.59,82.9,5.78,30.16,1455,57.8,27.56,13.0
2238,56,5.96,84.0,5.90,30.24,1487,55.4,30.89,6.8
2239,56,6.01,81.7,6.11,31.31,1421,53.7,28.89,5.0
2240,56,6.08,85.5,6.17,32.30,1524,52.1,29.96,4.0
2241,57,1.99,55.0,4.23,23.04,1549,97.0,1.32,389.8
2242,57,1.76,57.0,4.26,24.84,1509,93.1,1.64,380.8
2243,57,1.96,61.2,4.39,24.48,1532,94.0,1.42,373.8
2244,57,2.19,61.6,4.38,28.03,1520,90.5,1.53,361.5
2245,57,2.45,56.9,7.81,24.29,1535,89.0,1.91,347.8
2246,57,2.53,60.8,4.20,23.04,1486,89.6,1.84,343.1
2247,57,2.51,62.3,4.48,25.69,1506,89.8,2.20,327.8
2248,57,2.69,63.6,7.66,25.79,1516,86.9,2.72,321.2
2249,57,2.70,64.1,4.25,27.54,1485,83.8,2.56,307.0
2250,57,3.09,63.1,7.63,27.66,1510,84.4,2.35,300.5
2251,57,3.12,67.1,7.74,24.71,1464,84.5,3.18,289.3
2252,57,3.10,65.9,7.93,28.53,1490,79.3,2.88,277.9
2253,57,3.26,66.4,4.47,26.30,1517,80.3,3.96,275.2
2254,57,3.65,68.8,4.38,24.86,1558,82.7,3.81,262.6
2255,57,3.57,65.4,4.46,28.30,1510,80.1,4.33,249.6
2256,57,3.20,66.6,7.46,22.31,1441,83.9,4.86,242.5
2257,57,3.58,67.1,7.41,27.40,1576,76.2,5.25,231.7
2258,57,3.63,69.5,7.19,30.94,1496,77.7,5.98,216.0
2259,57,4.17,70.4,7.41,31.35,1515,73.6,6.73,208.2
2260,57,4.26,71.7,4.35,31.39,1448,73.0,5.18,194.2
2261,57,3.90,71.1,7.24,30.24,1459,74.7,6.01,189.4
2262,57,4.25,69.3,4.48,33.31,1414,74.1,6.37,186.6
2263,57,4.61,72.8,4.61,30.34,1488,70.2,8.75,171.1
2264,57,4.08,72.7,4.76,28.88,1494,71.7,7.07,162.5
2265,57,4.52,74.3,6.99,26.11,1508,72.5,8.84,154.5
2266,57,4.19,74.8,7.07,29.99,1495,69.7,9.86,142.9
2267,57,4.57,78.9,4.95,27.83,1475,65.6,10.95,130.2
2268,57,4.76,77.7,4.91,31.17,1462,64.9,11.53,125.4
2269,57,4.67,80.2,4.97,34.82,1510,65.2,13.14,113.3
2270,57,5.10,82.1,4.94,31.47,1508,62.9,12.31,94.6
2271,57,5.17,81.0,5.02,31.33,1460,64.5,12.36,94.6
2272,57,4.91,79.8,5.19,30.96,1526,63.6,16.91,88.0
2273,57,5.25,81.8,5.18,29.70,1596,62.0,14.94,76.9
2274,57,5.02,85.6,5.31,31.81,1537,61.0,20.52,67.3
2275,57,5.60,85.3,5.59,30.58,1498,61.3,19.54,54.4
2276,57,5.68,86.0,5.40,28.75,1453,58.1,20.03,35.8
2277,57,5.79,84.7,5.70,31.81,1552,54.7,27.58,31.1
2278,57,5.88,89.9,5.17,28.94,1495,59.3,20.12,29.5
2279,57,5.65,90.2,5.63,31.45,1557,55.7,25.13,17.2
2280,57,5.82,83.8,5.86,31.38,1455,56.2,24.30,7.8
2281,58,0.65,53.2,4.28,18.28,1502,108.8,0.63,491.0
2282,58,1.42,52.3,4.13,16.65,1506,104.3,0.59,481.3
2283,58,1.27,55.0,4.15,18.64,1524,103.9,0.72,462.0
2284,58,1.63,49.4,4.27,18.93,1490,105.5,0.75,457.1
2285,58,1.35,56.0,4.16,22.06,1543,103.2,1.14,437.6
2286,58,1.60,56.9,4.27,17.79,1506,97.4,1.00,426.5
2287,58,1.45,58.0,4.22,18.84,1475,97.1,1.10,416.0
2288,58,2.07,57.5,4.32,16.32,1487,96.9,1.17,399.3
2289,58,1.97,56.4,4.38,21.68,1507,95.0,1.12,390.4
2290,58,2.07,60.7,4.22,21.12,1506,95.3,1.64,380.1
2291,58,2.39,58.9,4.20,20.10,1505,97.6,1.55,368.5
2292,58,2.31,59.9,7.95,23.06,1479,93.3,1.76,352.5
2293,58,2.43,63.3,4.19,18.82,1481,94.8,1.99,341.1
2294,58,2.29,60.4,4.31,21.96,1501,88.3,2.29,331.4
2295,58,2.79,64.6,7.70,21.92,1438,92.1,2.12,315.9
2296,58,3.05,68.3,4.37,24.46,1479,88.2,2.36,302.3
2297,58,2.86,65.2,7.71,19.26,1500,86.5,3.21,294.3
2298,58,3.37,68.4,4.52,21.12,1550,89.0,3.00,280.6
2299,58,3.26,71.4,7.63,23.28,1479,79.6,4.21,256.8
2300,58,3.52,70.3,7.39,24.44,1422,82.1,4.05,256.4
2301,58,3.70,67.9,4.51,24.95,1516,82.1,4.01,245.0
2302,58,3.85,68.7,4.71,24.46,1507,78.7,3.78,229.3
2303,58,3.45,71.1,4.36,26.05,1508,81.6,5.08,218.7
2304,58,4.01,70.6,4.52,23.83,1433,78.0,7.10,201.9
2305,58,4.16,72.8,4.57,24.59,1564,76.3,6.38,196.0
2306,58,4.00,75.9,4.68,23.88,1448,77.3,6.31,180.3
2307,58,4.15,73.2,4.70,29.91,1501,73.2,6.25,166.5
2308,58,4.38,74.1,7.26,30.03,1536,72.6,7.76,157.1
2309,58,4.76,76.3,4.85,23.76,1487,69.8,10.83,140.7
2310,58,4.91,77.5,5.01,24.53,1476,68.1,11.21,132.5
2311,58,5.22,79.5,4.70,23.90,1452,66.5,11.76,117.9
2312,58,4.90,79.6,7.05,28.67,1514,65.2,9.83,108.3
2313,58,5.13,79.6,5.10,25.93,1481,63.0,14.67,94.0
2314,58,5.30,79.0,5.28,28.31,1446,64.2,17.11,82.2
2315,58,5.42,86.6,5.02,28.10,1468,63.7,13.67,70.1
2316,58,5.74,87.0,5.27,28.08,1488,59.6,18.54,57.6
2317,58,5.34,84.3,5.30,27.97,1477,55.0,23.02,38.7
2318,58,6.17,82.3,5.54,26.51,1522,60.1,24.46,30.3
2319,58,6.20,87.2,5.65,29.81,1539,59.9,26.97,12.0
2320,58,6.32,86.0,6.11,27.66,1453,56.2,35.28,7.3
2321,59,4.81,75.8,6.95,22.85,1586,69.1,12.30,119.1
2322,59,4.92,78.0,4.82,22.95,1534,68.4,11.18,112.7
2323,59,5.11,74.4,4.94,25.84,1555,66.5,10.96,112.3
2324,59,4.69,76.0,4.86,26.33,1554,67.4,11.47,109.6
2325,59,4.89,79.3,5.02,24.68,1585,63.3,13.13,111.1
2326,59,4.83,79.4,4.93,27.34,1549,62.5,13.44,104.2
2327,59,4.92,76.3,5.10,23.31,1537,66.9,12.15,106.0
2328,59,5.32,77.1,5.09,25.18,1572,59.6,16.94,92.9
2329,59,5.13,75.7,6.82,27.43,1578,62.5,14.20,93.5
2330,59,5.00,78.8,5.09,26.01,1616,62.3,17.81,94.7
2331,59,5.14,79.4,5.09,28.24,1575,63.5,18.28,91.6
2332,59,5.26,78.8,5.30,23.71,1622,62.5,15.99,88.4
2333,59,5.08,82.3,5.02,27.08,1589,61.2,18.24,83.8
2334,59,4.96,80.7,5.00,24.85,1564,61.1,12.75,80.2
2335,59,5.20,80.3,5.25,25.97,1547,62.8,18.12,74.1
2336,59,5.13,78.8,5.41,24.53,1578,60.9,22.62,76.7
2337,59,5.48,78.7,5.26,25.55,1565,60.0,18.15,72.9
2338,59,5.38,79.5,5.12,22.57,1569,62.8,16.46,69.7
2339,59,5.14,78.2,5.30,25.64,1551,60.3,18.16,66.2
2340,59,5.45,79.7,5.43,27.29,1605,61.7,16.79,66.0
2341,59,5.20,79.6,5.41,25.86,1566,59.7,18.21,57.9
2342,59,5.54,81.9,5.28,27.51,1577,55.7,18.11,53.4
2343,59,5.55,82.5,5.26,24.07,1582,60.9,18.40,51.1
2344,59,5.51,80.5,5.72,25.06,1583,59.6,23.33,46.7
2345,59,5.45,85.7,5.55,26.60,1544,60.2,23.46,42.9
2346,59,5.44,81.4,5.54,25.36,1534,57.9,22.02,45.7
2347,59,5.57,82.4,5.63,23.24,1579,57.5,26.13,42.4
2348,59,5.56,82.0,5.73,25.01,1544,53.8,25.08,39.1
2349,59,5.83,82.8,5.62,26.10,1588,57.5,22.97,38.4
2350,59,5.39,78.3,5.61,29.57,1573,59.7,25.73,36.6
2351,59,5.73,82.8,5.79,25.09,1578,57.6,27.81,26.5
2352,59,5.86,85.6,5.74,24.58,1581,54.4,30.47,21.5
2353,59,5.80,84.7,5.56,26.27,1566,55.0,26.28,23.4
2354,59,5.93,84.7,5.62,29.77,1588,54.5,24.42,15.6
2355,59,5.99,81.3,5.83,29.22,1602,56.6,34.96,14.2
2356,59,5.84,87.5,6.01,29.25,1644,54.6,28.94,13.3
2357,59,5.87,84.7,5.77,26.36,1572,55.4,31.01,7.7
2358,59,5.87,87.5,5.95,27.14,1539,57.0,27.93,4.0
2359,59,6.09,86.5,5.92,26.57,1541,49.8,29.96,7.6
2360,59,6.11,82.6,5.97,25.13,1582,54.8,28.79,4.0
2361,60,0.91,46.3,4.13,22.90,1434,106.5,0.69,503.0
2362,60,1.22,47.4,4.24,21.09,1373,107.3,0.66,487.4
2363,60,1.00,50.4,4.06,22.15,1361,102.2,0.73,476.3
2364,60,1.46,53.8,4.35,21.63,1414,99.2,0.59,463.8
2365,60,1.01,55.9,4.34,19.83,1422,99.2,1.00,450.9
2366,60,1.48,52.5,3.92,21.79,1423,99.3,1.08,437.5
2367,60,2.02,54.9,4.27,21.32,1419,99.0,0.81,424.5
2368,60,1.86,51.3,4.33,20.98,1429,97.6,0.97,413.5
2369,60,1.67,50.8,4.34,25.52,1379,94.3,1.31,399.7
2370,60,2.12,53.3,4.30,23.12,1373,95.1,1.38,388.1
2371,60,2.00,58.0,7.98,24.89,1344,92.9,1.53,372.9
2372,60,2.44,55.4,4.20,23.55,1374,85.6,1.63,361.0
2373,60,2.68,60.4,7.93,21.45,1370,95.9,1.52,345.3
2374,60,2.33,59.7,4.20,22.93,1445,89.7,1.64,337.1
2375,60,2.99,58.4,4.33,24.99,1340,87.4,2.00,326.2
2376,60,2.87,61.7,4.26,23.93,1351,86.5,2.75,312.7
2377,60,3.07,66.4,4.10,26.15,1374,85.2,2.86,300.7
2378,60,3.17,63.4,4.39,24.49,1353,85.6,3.13,285.9
2379,60,3.22,66.5,4.49,25.80,1390,78.7,2.79,276.8
2380,60,3.48,68.8,7.34,26.93,1417,83.5,3.75,259.1
2381,60,3.65,66.7,4.34,26.37,1409,80.7,4.65,242.5
2382,60,3.60,68.6,4.65,24.99,1409,78.2,4.87,235.9
2383,60,4.08,71.5,7.39,25.00,1378,77.3,4.60,217.2
2384,60,4.42,72.0,4.62,28.01,1460,76.2,5.85,207.1
2385,60,3.98,73.3,7.22,28.54,1400,75.6,5.80,198.2
2386,60,4.05,72.6,4.54,28.38,1463,77.2,5.91,183.8
2387,60,4.59,76.1,4.59,27.15,1328,70.8,8.22,169.0
2388,60,4.73,74.9,4.86,27.03,1408,71.2,6.99,158.7
2389,60,4.26,77.6,6.96,27.62,1390,64.5,11.20,146.5
2390,60,4.69,75.7,6.99,29.28,1324,65.4,9.99,135.5
2391,60,4.80,77.5,4.76,28.34,1373,69.3,13.55,123.5
2392,60,4.76,77.3,4.90,26.74,1364,65.6,17.36,105.6
2393,60,4.84,79.1,4.98,29.66,1372,63.6,10.79,97.9
2394,60,5.20,78.3,4.62,30.14,1384,62.4,15.90,82.8
2395,60,5.22,78.9,5.13,33.12,1341,58.8,17.74,64.4
2396,60,5.60,84.4,5.48,27.89,1418,56.9,22.19,53.7
2397,60,5.38,79.2,5.22,33.94,1374,62.0,22.97,41.4
2398,60,5.77,85.1,5.52,29.14,1371,53.7,28.92,35.4
2399,60,6.04,83.9,5.80,29.93,1409,54.6,29.70,18.2
2400,60,6.31,86.1,6.04,32.62,1343,49.4,29.58,4.0
